num_inputs,num_outputs,fan_in,fan_out,total_fan_io,gate_density,complexity_score,timing_slack,critical_path_length,logic depth
35,17,2,7,118,0.15395692740916223,53.790328727258036,-0.46290749456498315,15,21.811901303990005
5,2,2,3,194,0.9316239929330742,34.075779249031676,0.2784084678048464,9,5.874406610166249
10,29,2,7,47,0.45004928295594127,80.85487344986981,1.9243838791803176,10,8.563562066446236
51,15,3,2,68,0.6907494125476025,17.598582705941798,4.072965523546967,1,24.808894853853566
37,1,7,9,171,0.8485412013653048,71.52534992289584,0.43532377372345965,11,22.342684899138167
3,20,7,6,79,0.9381823712329292,79.07387746573933,1.0853641675324406,19,4.8739955113404525
29,27,4,4,94,0.9805957446308129,9.602684168454592,4.466684886994992,12,16.150483015041964
58,3,4,2,171,0.9771070281783879,73.01502917020538,3.938023660459918,8,31.29143831032213
34,2,4,9,187,0.8980256688442682,82.42911140603597,2.815073407864129,1,17.366080972206102
53,26,5,8,143,0.6786889564101114,94.47329969261283,2.671088123070785,13,30.894037028461014
17,3,1,6,50,0.5977165431791884,48.795482847961914,2.1876750081684184,7,8.417059852971972
51,4,3,6,18,0.3643489816756956,8.975324016746749,1.565045752976122,17,27.168472754145714
24,8,7,4,15,0.33252503453483706,6.951842817874736,2.2525041370781445,14,15.919953027306036
44,27,6,5,60,0.6921270888808392,37.340855177322844,-0.13175719179184608,1,27.126544341755434
58,23,3,3,50,0.9536826276773079,91.07087918881378,4.723886432122527,5,34.130095962494366
47,27,7,5,135,0.12330021076283426,81.43406969251454,-0.5509751121607194,17,28.075529139905754
48,14,2,7,178,0.922139163682049,9.29000769362839,-0.48458524945483683,7,24.44591369481802
14,21,2,6,184,0.1489041786044525,37.28028792922834,-0.3712574430877471,18,9.85051144530199
4,7,3,7,94,0.8983654301395692,63.757964303723554,1.2726602726199125,17,8.117108181142868
41,9,4,1,85,0.5221645916626085,2.262554177093118,1.1734107139146275,17,25.30895680600859
19,7,7,4,147,0.2941876735113022,52.380763877565016,4.331020707947511,13,15.877241820788457
14,27,7,7,19,0.5200767741789516,92.04771750866223,3.9222087540456823,14,14.415499444568923
35,12,3,4,164,0.3395907815037682,99.91729695740698,4.00586551501723,4,21.68671491017716
18,2,1,4,79,0.2562417948168912,1.2301300520596543,-0.71046133578696,4,11.518558002027534
47,7,6,2,19,0.20458812438257287,70.9928014641203,-0.007289817860252734,13,29.64731163189676
19,11,7,6,118,0.6779350735989736,86.5956770332509,4.507208286105547,2,12.289400517994608
51,23,2,2,169,0.5531939364089401,75.97873741306108,0.5937783675295993,13,26.585833835984076
45,8,4,2,160,0.4042194294134238,51.12727131093741,-0.03722282598770743,13,31.05814840462016
20,31,1,2,171,0.157931887984325,92.74359376840358,0.3201218206328471,14,12.066035622126533
22,27,2,9,173,0.7159700235322621,90.54482262663248,2.765485146759878,18,15.162282752211363
24,28,3,9,25,0.6231923519567949,80.18488830259572,1.1607374119901799,17,16.923527855238394
27,26,3,9,195,0.6592707890080268,15.809061392162048,0.5968960670404413,16,18.929759545240223
57,9,2,6,181,0.958627040088172,5.362249105511132,1.1522128052146061,12,27.93208834579826
32,11,7,5,45,0.6606945427189967,56.66100252821733,-0.7371470009088938,14,17.18135302670428
16,19,1,8,116,0.3272957538657991,35.19808277948661,0.18336211553843906,13,13.172729588554134
47,22,1,4,40,0.6449550766532236,47.38172634359001,0.32571393936506343,12,28.12274338886917
41,12,7,4,156,0.9869094821374559,63.72557641428069,-0.7279592789901639,14,24.4080993316157
28,11,6,6,21,0.5345066774687476,56.477852375938696,1.5340009947549627,8,13.585678042404576
5,2,5,2,109,0.8047300971912745,7.165795896023506,0.6047004545265655,18,8.637435199605038
63,24,3,5,114,0.17944398597296846,83.62506338686667,2.8109330643328487,16,35.27823121406748
55,13,3,5,102,0.5894053629329103,26.498500094539136,1.6352770020799419,7,29.91954536719675
56,19,5,7,27,0.1223882269024784,22.562046692563648,1.970517127967689,19,35.24202640477815
3,29,6,6,148,0.5364819003943246,33.77918909734959,4.352619605901781,6,5.607154192870981
39,25,4,6,31,0.7186825290470529,57.91169891713545,0.2677679390594585,3,20.049696480818966
19,17,6,9,188,0.5493174207638054,58.04446384494835,4.661034291897215,16,16.540066910283098
46,13,5,1,58,0.9382590989148907,49.3808339310177,1.7520588370297334,17,31.007027333749694
2,30,4,6,50,0.7989980944162798,98.3392550660003,4.193855743737512,16,3.497600654302026
6,22,5,2,107,0.6884198295511788,41.74765901213403,4.993477292445562,11,2.5477239704165138
47,15,2,1,182,0.23355278077648411,16.843993300894375,2.9810947747604226,19,32.87976724383706
27,11,7,7,75,0.10233406663472665,43.266624871978976,4.5396361914890315,13,18.182450673196765
36,15,2,4,98,0.46953787288355964,4.58147245170936,2.556596921912631,3,20.809413263090732
35,22,4,9,141,0.6515296784475345,97.1159850527098,1.7966970661100654,12,19.248590647723542
44,14,1,8,130,0.12147322515761665,22.66882101721306,0.6568376816381984,3,21.8050238159408
21,12,4,7,148,0.7875763241366163,12.911704159878168,2.2189611027796325,6,13.832717987326657
59,4,1,6,27,0.592884724634313,50.37413595581914,4.104554827333538,12,32.508190353580474
15,29,1,4,38,0.6795655668270556,32.96031423154814,0.7216574505214943,8,11.202695516516702
27,19,6,8,156,0.9782483186926485,20.921484741925013,2.6307130954120885,10,19.652240106686044
17,10,4,3,177,0.5447126888011232,29.128253473212098,3.658465557122052,9,10.708906398306794
39,7,2,6,159,0.9569606232331352,66.46197880716973,1.8957528381640705,14,18.719545092727518
29,6,2,8,117,0.2725496763641429,70.14823563671159,2.1088928790333465,5,14.574568060725968
17,27,6,2,89,0.3465609045816531,80.41820553732822,3.4417262336134655,15,12.71066705750222
61,6,2,3,127,0.7097116452876252,81.8882197817301,4.673657226613662,16,33.433701764538185
26,28,3,2,195,0.7186913604706072,18.11544648266508,4.725434265345028,18,16.974246092821428
18,26,1,9,12,0.18553060706947366,74.38665358451708,4.305482383258207,3,10.715679875398518
2,20,2,9,94,0.9796579246010086,44.103499924054354,0.034103898771680186,18,5.4398464419217385
33,23,5,1,25,0.6839586096213357,68.58068220103839,4.599780906845699,4,17.60936490765538
24,1,6,9,174,0.8872367946342737,5.454020199143522,3.7159167709026075,1,14.912798457769313
46,4,3,4,55,0.7721669380243749,83.57319881004727,0.7022125656585347,7,24.697738287717808
33,5,6,1,118,0.7771960309286567,49.70334950984229,0.9123850336620696,16,20.332410866616378
5,2,4,6,178,0.6541696931983572,7.991376803395033,0.20166818856075674,4,4.499347010464218
7,6,1,5,45,0.36450506471667343,50.05870710796871,0.4887859097171041,17,9.248891046772354
63,6,2,4,136,0.37197016375332603,72.12770066330695,2.2628623348226573,13,31.70863465138083
51,10,6,5,168,0.540483385337559,71.54607948900716,4.002640305056481,5,25.237451100194985
7,5,1,1,197,0.36230805951374534,5.504189906313698,4.815313335012407,13,9.617146543699178
37,29,6,9,171,0.24673450976554903,21.35785515072774,-0.26656836370934434,8,19.86433646649511
63,18,3,5,165,0.18555851599716217,58.58110546099485,1.4216108334859392,17,37.28291974030554
21,19,7,1,75,0.6331669452150244,36.53577127194852,1.039220280830266,19,15.664991412040573
18,10,7,3,196,0.3376526130444435,77.72543872878974,2.8003735282650117,13,15.550275318477077
60,13,4,1,180,0.6795390341025632,91.39007080956621,4.699450292922343,17,32.202011771497304
31,3,2,3,93,0.621099369848311,35.13596862725772,2.6147699422318045,6,16.517504446569177
51,29,4,5,182,0.9938460167426667,3.113447808466374,2.344432113461596,19,31.83777393254474
35,15,4,2,73,0.11343605335193546,5.995625383286315,3.3711230307109794,11,21.17156742531483
62,21,1,2,173,0.4353977434489873,47.90906149977997,3.13357404257839,5,34.25705941010759
16,13,5,3,54,0.2278128821929193,45.10753751951281,3.8013472809696003,14,16.05279487355373
29,15,7,6,118,0.44881004863462914,45.293652103923996,2.60888725262072,6,16.393836819788113
6,4,2,6,123,0.25524226373092085,96.37851164775394,-0.8936894902412191,4,1.5052100186325919
46,9,2,4,114,0.4992184106072344,13.773658496536797,2.856085557453552,2,20.085886199506632
4,17,3,4,72,0.4063595300300009,91.91889666308866,2.920952073542248,4,1.373289198273112
11,3,4,7,48,0.21907143738981144,11.765658653833649,0.9303634479266105,11,8.901419783845279
46,10,7,8,130,0.722848329953528,30.20419547600932,1.1717661240686565,7,24.807304872750223
19,15,1,4,66,0.7557898693586406,33.625413589562484,-0.965487488642689,3,11.992166645422554
21,23,4,2,158,0.8825045113719002,67.7764592482249,1.4818541173547652,13,14.143591346099472
12,29,5,1,18,0.49292321808741035,38.36418611496993,3.8088924612505854,17,13.391292035510322
56,4,5,2,57,0.5923558183181683,97.21254490275365,3.830913330175995,18,33.82252533377412
45,29,1,1,72,0.6854621126860431,72.54760736905159,2.325881846237461,17,28.066012976003904
20,1,7,7,118,0.3779823708494996,97.09955947513185,0.6215515275243093,11,15.650197024569774
34,6,6,8,86,0.2137468514413392,40.8501022217196,4.813428252194321,1,22.630963978824635
10,16,4,8,55,0.5695871036847595,93.05993067366494,3.812159227774421,3,7.521010549024694
54,10,3,3,139,0.9566173044450182,27.085773856050846,0.34703799478320185,14,32.7811835603062
57,30,6,7,150,0.9227334836632675,29.985752767965288,3.7185705511742224,9,33.77090369747515
11,14,7,7,71,0.8422381186063563,6.959813288760101,3.3628695467515737,10,12.278968678374175
14,7,1,2,50,0.8917295885280317,93.08302014576277,1.895807489203226,7,11.165861479932378
49,20,5,5,65,0.11388543538791936,62.78543768144361,2.3426091353908403,9,27.795112519532225
34,22,7,7,151,0.3861124827550486,73.4496458505244,-0.12109026329486006,17,19.771998366791962
25,30,6,6,91,0.5120107425114041,97.29397465384972,1.1275055515049974,2,15.65804315543205
40,22,2,6,55,0.37711854621667806,75.27736316486087,4.571977045676421,3,24.489239612330767
13,13,2,3,163,0.7500806797208932,74.1643963137196,3.8226584513119946,19,12.263092474445349
61,6,5,2,143,0.9087372859818396,70.85612551893989,4.513734456110274,1,29.61304925899905
17,1,1,1,190,0.982755598724953,87.37860840401325,-0.8798068790313625,16,10.519795114573803
10,25,5,5,72,0.9026435557864266,59.99084705847257,3.9647410826483283,10,11.897100496566928
37,3,5,4,109,0.6863014305009822,47.54884382188178,3.948699086053187,14,26.176797330545714
51,26,7,7,95,0.5283481259459071,20.607468471391847,3.3887795656913955,5,27.505060179570844
35,2,3,5,98,0.2753176188805049,12.542855885477671,1.5392896058670664,9,18.087532927095005
28,9,7,5,166,0.5093005747587815,41.71477330684386,2.646856065174701,17,19.412990518556033
12,6,7,2,89,0.17264228057334602,8.196998885064847,0.3988588447510777,16,13.956690942132436
4,11,6,6,146,0.17484542793276145,16.79596547613428,3.6022610863242495,11,7.195068415698625
31,12,1,9,95,0.12890983359366634,59.75584405629464,2.4572042205335434,13,19.755574026002545
58,4,6,2,118,0.7860553394895637,70.57150442184877,3.9840386250564066,11,34.53735926603919
21,23,2,6,50,0.7247036608512792,93.83847762813416,-0.2919386392987393,11,12.200761459787223
51,4,6,7,196,0.8329011316471522,47.76495079467151,2.061513064948594,16,32.347903781305895
11,29,1,8,29,0.6236237181293589,24.883657718946612,4.468631415217899,2,10.628646719168188
12,19,4,7,108,0.3766260555044951,92.1509783178924,4.895052591297964,5,8.087811574464128
62,31,3,1,133,0.6640074585002369,49.56505335085214,2.61809241277364,8,35.46717750887779
13,30,4,2,18,0.5338543870082426,71.98627909276472,1.0167845872057075,7,10.02189043133673
27,8,5,2,103,0.8229942668171563,96.37429713003405,0.7037838860758292,7,17.110720243326725
59,14,7,6,49,0.7890541923537973,33.75958415446767,0.585989876337756,6,34.164732062751334
49,16,6,3,113,0.3723233276115253,50.85246493220353,1.6316512261808613,4,26.90570476594016
35,5,7,8,14,0.9624520046503232,90.61996397980458,-0.515672273677215,2,18.828474937629952
38,25,3,1,44,0.6627124859725014,85.95901554613698,2.0522994934732903,13,23.087995925859786
23,14,2,8,176,0.26253790008708183,54.791634132911625,3.681058750518816,3,12.148825683907495
49,25,1,2,163,0.2292327575755565,77.27034443894048,1.6192930515174808,16,26.64681759752486
3,12,4,7,71,0.13251296901278228,78.45062330086033,3.8200454999852713,17,8.636214747592325
52,17,5,6,90,0.4869385778137697,22.602791786865275,2.878013783636704,18,30.605770702201717
42,9,4,3,151,0.8591874749497573,7.329963317773445,3.3988944614618415,16,27.029745808366762
30,2,5,9,59,0.770501293835866,89.78236767407118,2.9790077796115138,3,20.165008874900433
31,27,3,8,125,0.4141561358152448,56.95989739733143,1.88716045242011,8,16.518750454942236
7,8,3,7,181,0.12042373148726117,58.182450424206245,3.458425229265452,9,9.006663996586699
51,21,6,7,134,0.8757561581244813,98.99721755743053,4.530605999539266,5,28.60222843454294
48,3,2,2,153,0.2599459274193517,86.14151427910487,3.163051128883861,9,24.038068351139923
44,11,7,7,32,0.5215221839934228,7.5127087125023335,3.350286231264434,7,25.125887871678625
24,31,7,4,124,0.6979935615298959,18.737108631016532,4.4956501771218935,13,16.88662843516352
16,9,5,3,43,0.9903510449319246,29.965374675963197,4.840914327730506,6,9.100421553351804
51,10,1,1,27,0.5635632810231943,50.87408933061871,4.571846085733741,10,26.32441172371333
43,26,7,3,184,0.5167970943323759,34.84676157127721,1.4178165655694777,10,25.48915427421767
10,1,1,6,175,0.7524598991603888,50.75697345982311,2.1131301475279693,16,10.481804659577898
10,2,6,8,198,0.8248200432307583,64.09685101965528,-0.3371646724006332,7,6.0424033484266335
24,22,4,3,59,0.9712545848344567,2.9192079608408106,0.7530834483974815,14,13.043937812780795
38,24,2,2,165,0.9996115465195613,67.61440288755351,4.704082018357099,17,18.67806744921902
54,12,4,7,161,0.4331741726534216,67.93114852498331,0.6648653015167818,8,30.54147283852839
43,22,6,8,159,0.5683462683745754,2.2495955086346244,2.8902736144619903,10,25.11140155039291
20,16,4,2,178,0.1074716332069087,72.21380978342904,1.8904882994077408,14,14.383328239268655
33,12,6,2,122,0.17666731937319147,86.19259884315086,0.1589991658728156,8,17.85037578018928
5,2,6,6,178,0.4965049476289911,48.9092484089977,-0.7666318713144473,9,5.902548759844149
40,14,1,5,89,0.185264350602937,99.15331295359692,2.2710784979303478,7,19.801645076331006
19,10,5,3,155,0.9617298608392439,24.87669239725943,3.08068891694593,3,11.829277783375291
30,24,3,4,93,0.5497157588582,45.18899830633761,3.5781233462525845,19,22.874681421325878
14,15,4,8,172,0.3416181814622536,34.93506338561971,4.484313215774688,18,14.076132362012897
11,1,2,3,51,0.6751372689997952,36.12212574033046,3.5980770065006435,13,4.024101208656369
12,22,5,2,29,0.5578625955472206,81.30131729764531,2.0818815573941283,11,13.504897237123034
60,11,1,7,194,0.356938773002866,72.21430796937159,-0.4838999123951935,19,38.22204469096955
52,13,2,8,178,0.8131661275948634,57.7470475071383,-0.8975786433909674,17,29.922570506429498
46,13,1,3,120,0.25398356324900473,25.151793678432764,2.4324533438399687,8,25.593102585499192
44,25,3,2,186,0.13372784424052142,36.21857719883559,4.693574116070582,5,23.475453912941735
12,30,2,3,163,0.31705229111255645,70.09089706402924,-0.30880363224323437,8,6.556905775189422
60,6,1,7,182,0.6733956695679003,43.05791208139429,4.218948977226872,16,34.929176597284865
29,7,1,4,149,0.5827917176258308,11.465936255562305,0.029365202532072754,13,19.059975250045056
52,5,1,1,167,0.4357942588770052,73.4228790047828,3.083757025974947,10,30.49183484026252
11,3,5,1,10,0.5740148672130843,74.17439758102195,0.07548337306594188,3,7.953484320119707
52,2,2,5,118,0.47156213722948614,54.39528806589441,3.6546167514642924,13,35.36849499207278
19,20,4,1,29,0.3281280098192422,49.71312370315814,3.572792941478589,12,15.75978208789491
14,29,6,3,174,0.5888379563110624,49.86910090875642,1.3893314006671726,9,11.440904188143374
38,27,1,6,71,0.16451934291405707,62.30515274546739,-0.6520739325666751,17,21.919021441980842
2,24,1,7,178,0.9781309380885571,6.860218663579505,3.717844924326279,11,3.06747053830806
60,17,2,2,181,0.6231469828632782,77.65229933176788,1.9528069605515972,2,33.997574689783555
49,17,6,5,66,0.37813203167683507,64.62326964851539,3.491706379194464,17,31.113775332685222
33,12,3,4,151,0.6787333523837931,4.666298642015466,4.843971455080194,12,21.699951761462373
12,1,4,1,104,0.17218026876895876,14.998592276628116,3.2138981311250685,6,6.299590921827946
6,2,2,8,196,0.21604606738953902,36.41048008169183,4.427067825361596,9,3.697608207084942
25,31,1,2,178,0.8900394053154745,34.885840469011164,2.945150787276644,1,12.626663194408424
7,10,2,1,81,0.7746425884768342,62.56492192226729,-0.324872888435511,13,3.9226982424813905
26,6,1,4,84,0.22210864021965787,45.863965729482956,1.4273308607755206,8,15.284990145938814
46,25,7,8,136,0.3432364081947434,39.10682133647852,1.4755261296837237,5,27.08135144751161
42,27,3,4,111,0.6908841002082409,18.558058939565257,2.9979865679491025,5,20.288471265040013
19,15,3,4,87,0.32191918806064834,62.81223280713056,0.5228393664164948,12,13.362626802150887
52,19,2,9,33,0.8989443832068312,19.93561330792245,0.7855119593278765,15,30.495752748517624
11,12,2,1,55,0.7338409556740173,65.3798635710094,2.266154177561262,1,7.375243736206588
8,24,1,8,118,0.4176942188014987,68.24606242132118,0.6320717235300239,14,8.447167533066395
39,4,1,2,198,0.5051798060707507,2.2083337736765496,4.466446690232648,12,21.102246497014974
32,21,6,1,32,0.6388506309600884,59.56618234726521,3.056708512272661,14,21.025429165880297
62,20,5,4,77,0.15434889183288328,11.509557055298629,3.294379352343414,10,35.27571634178803
56,1,6,3,152,0.651263393954871,92.57181645299869,2.9930056844858086,16,32.109331471660425
21,14,2,6,128,0.5140539967605331,78.41398232454483,3.8484927946060337,5,13.884635198067988
39,24,3,3,84,0.5370920288937812,46.59123234559731,0.6154853111308136,17,22.419734363224347
18,2,6,9,87,0.7657481743580596,59.23714471362906,4.554237340281423,10,12.457157073311752
32,30,4,1,22,0.20833961060818512,31.61896535198287,0.3613834181383462,7,21.55756013255954
34,11,6,8,84,0.47156962997540974,3.219306312292775,-0.1577605280202774,18,18.110362063434984
29,9,2,9,139,0.827233407450989,65.07647689682291,4.470512791528565,6,19.28250499599651
25,4,6,5,133,0.7850604386289048,56.85276328672229,1.8728186279952261,7,16.632607932569016
49,15,6,2,145,0.7753348443718869,79.5531674253618,-0.6909961893017917,9,23.49990190125834
50,14,2,5,48,0.9807855520066213,95.50161125985804,4.312641481454062,11,28.094923055298324
48,17,6,7,43,0.7313054359953375,67.14141101840255,2.153458753879635,2,28.80143482765927
41,5,6,5,159,0.19654048286865683,86.45708621947806,0.9187678228043972,5,24.477424107679667
30,1,3,4,27,0.417392667578939,9.028503432511343,2.171624056126877,6,18.666357136138355
16,25,1,4,122,0.41663171292568524,81.15416164139985,4.920418465350115,14,12.427862374178492
14,5,4,5,145,0.7709560781043613,14.297660271970132,4.2897430459160475,4,6.8068377636715525
37,8,7,8,41,0.28770165713947193,40.83829126772723,4.937380445889016,5,23.847302096767258
31,31,4,8,79,0.47872344284504065,97.56875869580146,2.019054225104231,12,16.29565943546459
38,30,5,9,60,0.9018783185057683,31.60469942370313,-0.1086693359056512,12,26.006827944539765
55,13,7,2,174,0.12056172721514852,23.457097684199063,3.5312263674773003,19,31.905786415775232
33,28,1,3,140,0.32260048741734804,54.11646004566635,3.4883895542489425,14,19.90446914123671
59,25,6,2,31,0.41685298869536214,79.76736830111322,3.4372128466699348,16,38.17185950015303
34,22,5,7,182,0.9466987545500004,50.82847846844683,3.7909661819942286,4,21.625653972541386
7,18,4,1,20,0.7766449879810072,42.96246371815946,3.720047496511783,10,7.01575253843119
59,14,2,5,182,0.2775565718573452,77.84808014303819,1.5777710886847558,2,25.65792497684987
28,23,5,8,104,0.11863761317088536,14.53037615812526,2.4778346364804658,3,20.17899786094431
37,28,4,9,55,0.9114761215832149,17.78443872118196,4.530909359473007,3,21.3000244367611
52,7,2,2,173,0.3948073677184609,10.518283859031907,0.3881888285597348,17,29.38555417587962
52,31,2,5,78,0.9296007960695452,91.51817927516335,0.21498983189602594,7,29.086095219031968
52,24,2,8,25,0.860249071088945,29.432877252415626,2.7434622411041776,11,33.107544120939
39,20,4,4,63,0.7075252663919399,48.19833565974986,1.6108210146715258,6,24.701569324146398
14,19,3,1,95,0.17045141165560412,60.39071860097329,-0.07693632919453908,19,12.143571560877161
29,27,7,5,22,0.3877140151276568,55.334353361870185,3.136861282228777,8,19.65306945509272
51,3,7,4,61,0.367309242582069,48.566182164360676,0.10122338551041676,9,27.2672374280013
50,28,3,9,51,0.18181061022279477,21.803286692900315,-0.0993932088007623,15,29.73329557638807
6,10,4,6,62,0.1193232136084687,75.9451530500015,-0.1839396387272212,1,2.6871159503788054
32,30,3,7,41,0.24559224034981242,73.78622524722756,2.503978802573605,8,15.668891300832334
8,6,5,6,104,0.8053301526150726,69.19786957541247,-0.6058967325218227,18,6.999988913224831
20,17,5,9,168,0.694023757852405,93.11924468098108,-0.9991443776703093,6,13.585345006860106
26,21,6,8,120,0.7036492929019253,24.550254440864364,3.8019795683526603,18,19.47586945208007
60,8,6,2,14,0.9558400112747593,99.08630242908184,-0.0026157999920526365,18,36.944235304606735
40,27,3,1,123,0.6810650442224226,16.954747615274748,1.2338649550117298,3,23.752770017629917
37,24,5,1,10,0.5856942217523098,93.24237177849524,4.425966457762358,10,21.733666524969525
59,11,7,1,186,0.9240122930410145,84.80297819280248,0.40175114760305575,17,38.2466340247168
54,20,3,6,98,0.3071064472624683,45.917283713472095,0.7561025697946802,8,29.274409786758593
43,13,5,1,190,0.1302816184123163,11.81659733825729,-0.2097272487991222,10,22.686138081191324
3,1,1,4,92,0.7177626288888845,85.14406819979419,3.4357616149859753,5,2.1118946773677774
4,17,4,6,176,0.14698536986515318,98.68498123443833,2.5968054697765073,8,5.370568732420359
54,13,5,2,41,0.7755161742464703,60.15530459034974,0.4616404408545134,2,28.76979126512913
51,9,5,5,177,0.32879864976107653,57.43958876193368,0.02008638944507446,8,30.503555367227634
63,15,3,1,129,0.3186346692400199,38.99085537371939,2.549479612115773,11,32.31650040995584
6,14,4,4,68,0.6701048771189028,62.22219398885866,4.109319270069496,9,3.3870630979013376
3,21,7,1,199,0.30380570871608714,68.71358537642928,4.771271181908687,16,6.444048193618286
24,25,2,8,52,0.907353992044955,41.526991453440786,3.6541195815631147,10,15.866390536767748
17,31,1,1,31,0.45200722794157977,84.97625589848889,0.47652825859714687,18,13.040679398754136
24,24,1,8,21,0.3531342267426314,6.622227966567925,3.6969727785256694,8,15.727406234759764
2,17,5,6,21,0.7987723025371338,46.17747752235326,-0.3490487923129044,4,2.005890996453765
37,25,5,1,13,0.5583626573044084,65.32410042316985,1.7834357053345449,18,22.449864980723767
11,21,6,4,136,0.33111143385682884,47.48386914559178,4.380378501256951,1,8.115258265102339
18,1,1,6,91,0.4978714366473359,20.738276456457335,-0.4643811298436349,4,7.774294256539564
32,17,4,7,156,0.44495352454617054,25.209291785831034,4.428504619044183,12,21.242862118393155
30,29,3,6,150,0.12250551209881641,70.42541677625857,0.06472798967915638,19,21.58293385517844
41,2,3,3,179,0.39832098363811874,92.0624942159212,1.6158407533780959,11,26.01554379839721
51,10,3,1,35,0.1787232484170454,98.46175195005384,3.9158459822717795,12,25.612712881719773
35,29,4,5,66,0.22068919278614046,71.2924944206215,4.688845440322489,12,24.493197182904485
28,12,6,2,20,0.9206966108876895,18.26203012143196,2.0957561178549877,4,14.081489116299933
17,23,6,6,95,0.9319268017337455,32.85506699526232,-0.45022725363540506,16,12.41599456603217
27,10,2,5,74,0.4248323254643722,48.84963473762837,4.103302127354324,17,16.773152335150176
45,7,3,6,22,0.722941577122996,4.8640878505083815,1.4613020665646692,4,23.403925693445668
52,14,4,7,168,0.6712714545952547,30.71884684233617,0.3677654210758632,16,30.259235713140328
43,10,6,7,169,0.7825624561140809,82.53171604473354,2.8235609180485675,2,24.285816223509244
58,2,2,2,50,0.3985612752285188,45.86134040659816,4.685625689371326,5,33.104807867412276
53,7,5,9,96,0.7736738843344648,36.02014710763776,3.021794648991839,9,27.8564682641817
50,22,6,9,167,0.17962391978409742,7.864792152797248,4.663102012267158,15,31.730675405522142
26,31,1,8,155,0.8983868234024379,54.90497990628105,0.18377525989803045,10,13.488554696032292
28,31,1,2,26,0.47117025388248723,30.01562645096189,3.879170656694704,6,17.903895607477402
13,28,2,1,34,0.9096396471741474,49.675693269232696,4.621837037416716,13,10.885493126030061
60,3,7,3,185,0.5837641469397398,83.44359247887024,1.7012773726085326,16,33.61774556482695
15,10,6,4,64,0.9900911358931522,45.292901151528135,2.427222366422919,5,13.279703546045067
36,24,4,2,27,0.64829844854509,96.25354685185516,3.653442927977263,10,21.6926553403874
10,15,5,6,186,0.5557373372451873,72.32919711581238,2.332902439950713,15,10.91701372261571
11,18,2,4,154,0.7212299116820954,90.20283789820111,1.917615198249123,15,7.7504695507989805
33,11,5,1,193,0.3377903983703226,24.358521551313096,4.880893257776945,12,18.420712918831118
57,3,2,4,147,0.2213878310689557,17.215087338854516,4.94609482328125,6,33.33758248465528
7,25,5,2,68,0.5205567422657534,29.34844982411484,1.2783448702403688,8,5.69670941297675
14,8,3,2,56,0.9812671361305275,70.1556849809835,0.0802593185700069,14,9.14973221973991
19,15,7,7,124,0.40010776849187923,48.18374744192417,0.3511987431444048,11,11.649526211451938
3,29,5,4,63,0.49918914247067436,7.214321876236886,3.2494674317294088,5,4.39987107143881
50,25,7,8,38,0.3105781204941435,24.72604845117507,2.092503783356978,1,26.41765874290211
13,21,6,8,150,0.2698555475912517,27.587771716454853,0.6141932035540874,9,12.462620072631314
6,8,1,8,152,0.7780211712046957,66.66937900204115,3.670326804617301,6,6.742888239686342
21,12,6,7,31,0.7005708633162117,55.87646925571395,3.7188165433942917,11,15.186472017980853
15,21,1,1,57,0.5536262232993439,75.32550078699644,1.1121557971297813,19,12.924890160541382
41,26,6,7,82,0.5652439115492294,42.68986988870582,0.46008845672260046,5,22.07693035474204
41,27,3,2,72,0.6975372026904504,76.18338518249875,0.8011594864592586,9,21.7547862504102
53,21,5,1,154,0.2855094740676935,98.34735312765835,0.3009350754971747,2,26.704366872247398
59,26,3,1,17,0.7602385490764147,74.50555812773811,0.874510826855794,7,33.97897683617207
51,12,1,2,119,0.6213823126898048,77.51527416020312,1.6530505715272348,1,22.840038278730603
29,9,2,7,14,0.25045070133755465,81.46356451628311,4.193446526239029,12,17.931542568952892
33,26,5,1,132,0.8944037586376381,35.757076042850144,2.4836333608060412,7,18.16286943045682
17,1,3,2,159,0.5756184137882329,97.1761215956188,4.949317748615543,2,11.152023892111412
11,18,6,9,198,0.8196972865335648,37.0326949987995,-0.8756928887069466,7,6.689016770339997
9,20,5,6,131,0.22343917461829885,2.118360606794707,4.664800383000143,13,10.167403880299071
28,22,1,2,153,0.2827669460243303,47.7168028055256,1.0546103243844596,9,20.5448311616833
32,9,3,1,104,0.8493510790897553,86.1664128887226,1.5587524901934406,6,19.69207964225003
39,9,4,7,192,0.4918398726573985,24.83398674390477,4.103252140467841,18,25.447444897293305
56,7,4,6,55,0.47052575969979005,7.385358336580418,0.11603482309623958,8,28.124033616441512
34,15,2,9,138,0.3516836851376709,75.59849359464987,2.2136487365749407,18,19.914992389501464
7,7,2,2,105,0.4290064396209081,23.9243224425803,0.03801145423936858,8,6.091961320195109
28,31,7,1,50,0.8610243226335993,80.77545323488037,3.949563498307989,18,20.152728300141963
44,29,6,2,130,0.5160637793785516,45.71362324988405,0.6007514131031211,16,26.537884966415355
51,22,5,5,177,0.9275556483991582,47.63553054716611,-0.4644464123431331,11,29.94681761681504
59,3,5,3,37,0.9993673498174218,80.96436737344006,3.412586162882646,11,33.39021616085065
59,1,4,5,171,0.7344721582404924,51.670504786348985,0.09979655030865153,4,30.803943086710255
24,30,5,8,179,0.678902671476297,21.035433858363554,4.08634220789326,13,13.403553890692644
47,31,2,5,70,0.7295018858168083,55.10218513455381,4.770114121413231,11,24.83451244787256
41,15,7,6,56,0.4402608473329078,77.8036886664366,1.9760352129523207,13,23.785506298798513
18,15,2,2,199,0.12744158503685857,1.171921141028215,-0.07140702129405585,18,16.119320691054334
14,6,6,3,173,0.48591718749033896,67.95963528958364,0.044572658927083175,9,8.978891135921282
20,4,1,6,54,0.26944314550150483,1.3740334383503368,0.9310416379556972,19,15.091419863629069
18,11,7,7,13,0.9824786744219158,60.99016928381848,1.5498399697568566,2,9.626482266461702
30,23,3,1,78,0.43864855826016724,4.793797206586916,1.4336462267601267,19,17.72953452779555
42,19,7,3,147,0.45732524674324493,60.17896462640364,1.3292589104977819,7,22.17034095468345
26,4,5,8,40,0.6894726374259481,67.63758008949424,3.9834480640365353,10,15.461744485629898
10,1,1,8,165,0.4734853039947877,69.20688189288103,3.4483922959216766,12,6.7221226273316335
14,21,4,4,30,0.20352475285754157,97.46431832625282,4.199562904424394,13,9.63393760401598
26,7,2,2,93,0.5582546214432584,12.729764141492762,0.31312813820708163,11,15.963280299791549
24,27,5,7,127,0.5060313522752308,40.43620481805364,3.639732397316968,8,17.574447401976197
37,5,4,8,111,0.3850202487718041,55.91982283371824,1.6191801384113869,9,22.116504331485878
19,8,5,1,106,0.15823554721078562,66.19472588736744,1.8369873637764202,10,13.850740294897665
48,11,5,6,62,0.11052695358195672,2.5502025644021256,-0.9007515059368185,9,29.711013723070927
47,30,3,7,153,0.26343747293537234,1.6281189733918677,2.4993456652292263,9,22.846772527375002
24,16,2,6,49,0.5039514064669403,44.2375455773695,4.158651995093985,15,17.999534961069457
3,17,6,4,54,0.7005708417118844,58.07901494033359,4.7827323851988215,16,4.868938382016144
25,31,6,4,71,0.61819698764752,39.323780166420306,1.1153602198736703,17,16.478345208707562
53,10,2,4,192,0.20359913112530306,50.69862006242343,3.43834134860548,13,32.46251346114252
36,9,3,4,150,0.18859952995605256,26.392155562021976,-0.42552989530743024,5,22.527053504903815
24,4,7,2,170,0.6125684033772575,31.716964871617886,1.0238738618189478,15,15.65907783942842
18,20,3,5,165,0.7687780740970412,65.78374120297563,-0.5512911152667404,10,9.048209735269005
40,17,2,1,98,0.5647004625128423,77.8089368007036,4.8424609372505705,6,23.281821421600686
27,2,4,6,174,0.10762120490170927,56.08566790286492,4.529885658464431,14,17.863285268981517
23,2,2,3,136,0.11313185463592933,36.31923774683622,4.710827236303524,11,16.700567565748262
15,31,4,9,31,0.7533334189418952,19.304268168775238,1.947698118650572,2,10.305797610153547
32,9,2,4,95,0.9819359084981837,4.0247871879050905,-0.7415401623618967,1,15.375298657850399
30,31,3,5,141,0.377343053719602,39.87883161470706,-0.4982717889235764,18,18.762724948134938
5,7,5,7,30,0.33413935218565677,79.79493053960546,-0.3883863326789465,15,5.607031198384838
55,11,2,5,40,0.8947876790529584,25.200542568197065,2.0528455478984933,8,27.272721031205077
2,19,2,3,92,0.15013861720701444,1.1828260958057109,1.7462956814497579,1,5.123042467570447
20,12,5,1,54,0.5839695213473215,50.055670010899775,2.046670264389193,17,13.830250254745794
9,26,6,5,118,0.13027078679511653,30.113788391954635,4.094317623504862,14,8.744813690140617
40,18,2,4,151,0.9452312992870099,9.01997349728724,2.736016659472269,15,20.84087888880191
12,27,4,6,46,0.46419031071717465,8.123198713139708,2.730266713710396,16,11.444904114613532
20,3,7,8,126,0.1419180228184267,98.58000660872439,4.536050541226527,5,16.347224755002976
58,14,4,4,167,0.7116804514077465,10.059055011134921,3.0443747462142365,3,30.26142393744857
40,23,3,6,60,0.33916532847721115,79.76829612976196,4.356334735433453,16,24.448330294192246
11,28,3,9,179,0.22142832359437853,32.29598470885276,1.1518531008878812,5,7.63082055634482
6,1,3,3,161,0.7569959619100539,66.01373736347443,1.7756610421749466,13,4.534429712996044
30,27,4,3,79,0.9239588939980111,15.985608090804858,4.762955067249867,7,16.163637539073456
48,9,1,4,157,0.29682353686330437,70.1769486696501,-0.5041900201815677,7,25.34398755291138
57,7,3,9,154,0.8666795247638333,51.066687595199326,1.573980209876935,18,33.2637590658228
52,18,5,3,80,0.8775298280897776,85.98172070407986,2.5535644675841516,2,27.227339743704746
40,26,1,7,130,0.1422558091024501,93.44277610074249,4.2604970456748,4,17.90574402825178
62,14,2,3,18,0.24729287818264392,62.56713791619531,-0.29188346376758734,2,31.918656691814025
45,27,2,1,44,0.6946820125664326,63.52013368554753,2.6144971138501405,15,24.475711497779095
25,28,7,6,17,0.7433344671413484,41.62932506019416,3.783408656351747,10,17.51144065071965
2,10,7,2,14,0.3217339998355947,57.7564665403306,-0.5302691723906652,1,6.715403263653149
35,31,3,1,97,0.8620429721898446,91.3932922763133,2.6130616023269027,15,19.795001326321536
32,1,1,4,34,0.917372319624856,53.00085413625409,3.1233979011838944,11,14.997001521746297
14,23,4,5,97,0.40026050510624156,12.20285210502158,2.954810104758843,9,8.061549613223645
23,3,5,9,44,0.8550044309453454,45.072962620226924,2.5173234140557508,18,16.129346981169586
57,29,7,4,165,0.8647955624622082,19.526314683502914,-0.3730945399026109,11,33.64749540113121
12,6,7,4,135,0.5544351323407316,73.47889978546996,2.258884622734089,10,8.362839851818958
5,8,7,3,68,0.5110760849264845,58.08163483536205,0.37898639880718465,4,0.8390784765133628
16,17,3,4,95,0.5943619897397688,69.66061393015497,-0.7719972434600715,17,12.13926185832903
36,5,6,1,196,0.8519003155699416,87.51129353636644,1.8968163464416476,3,21.47614549111267
53,20,2,2,46,0.47049473807468833,83.0306347935551,4.428885437095032,19,31.06100986011584
35,23,5,1,189,0.384255077889217,69.69799496986856,2.9078456310938767,3,20.018537927775945
7,15,5,6,54,0.18474723776064572,63.13955883128207,4.480620463050982,14,6.538336330718779
10,23,3,5,87,0.24490805300091864,5.064630495511534,-0.36874836527016375,1,5.205626476173939
23,5,1,4,128,0.2653958205948501,31.082639376798216,3.318197136301923,9,11.791850426762952
40,27,3,1,115,0.14650424035841128,69.06205669016941,-0.4706017592718579,8,20.462380567727852
57,30,4,6,113,0.370088198712083,49.38684625819167,3.495691267861809,17,32.8327644896558
18,22,4,7,33,0.7611666444050387,20.838510784252318,-0.6753834953874951,2,12.79646324734599
52,3,1,9,90,0.7430028931126963,69.82141701397383,3.6132080838665726,10,27.518844383703286
48,23,3,7,102,0.12000684708921505,65.04172815704041,3.8621552870522438,4,21.262204820865623
55,23,6,2,47,0.20692969677516493,80.89556781384962,-0.10417900933892876,15,34.40634222570307
45,31,3,7,45,0.3020450904922491,69.74997236485865,0.23204199723458818,6,19.904350775600086
62,6,3,1,90,0.8887943560735078,70.25794546080293,-0.5599216024146603,3,37.72598565689953
4,10,6,3,75,0.6993599633041667,37.43959678329544,0.5995197129842487,11,5.847276497308483
41,17,2,2,140,0.5166914669612335,64.60288915243025,1.1372468469799624,8,21.933575376018037
14,14,1,2,126,0.37737806275392105,59.0743484575399,4.35414153793439,14,12.769197538189895
25,30,4,1,64,0.1496348708541516,35.863582009540885,2.5170475138070905,2,15.130668513334724
24,2,1,5,30,0.3357023263087749,75.34544738138666,1.8462560487217328,17,18.212148745884924
58,17,2,2,104,0.9854320974076305,57.83776051984516,1.1558603915674812,16,33.396178889057595
11,27,1,5,148,0.2560221916198325,37.30853242883067,4.1372970458654015,8,6.385433019998318
18,16,5,4,149,0.823691775780643,34.48409458881331,2.956359166346992,2,13.454190190855089
9,30,6,7,154,0.6921698262336609,28.212753853751575,4.539285408108302,7,7.179209528235112
25,10,4,1,99,0.5553542368202532,1.316001861843766,2.375940005039336,10,15.319965267369877
52,2,6,8,96,0.8785629095483857,92.19490762243245,-0.7431022710472586,1,31.465336737121472
31,3,2,6,195,0.8521554889725972,44.55254297304491,4.72323911982927,3,17.936847314709265
48,10,6,9,162,0.30445818809396213,55.00800508026828,-0.9268915694825766,1,29.71022063576172
42,10,7,4,107,0.78296954375519,95.8974184377445,0.7386734909938508,13,24.88671778747802
38,20,4,3,179,0.46229565448897236,32.21546097545162,1.369179901320451,19,27.55023171969924
13,2,5,2,194,0.8340526909260266,93.11919894344803,1.2065350676490283,7,8.314342934346408
11,26,7,1,139,0.8352441356842484,45.634867195196875,3.9541956116874104,8,8.42356050865201
14,31,4,4,51,0.34527399813757104,12.707896775880076,1.8783645243855052,6,13.318186674052185
13,22,6,2,104,0.13041752107489046,60.1008573007719,3.2848072796155234,9,10.042851011208114
27,22,4,1,101,0.14585041044074412,46.865572808710866,-0.7539835787326692,6,14.8852411776984
13,6,7,1,178,0.39256818173011643,9.917848932212515,0.2923731808933554,16,14.400407961758109
10,10,2,5,37,0.30996249034099294,39.344989216624626,4.5346396747421345,9,8.926445928001343
53,4,3,7,51,0.21859233645584084,93.07123801695248,2.8951025110937043,14,33.46846552574055
27,7,7,6,65,0.15826487804558115,74.65829153761302,-0.8939982634105108,14,17.1487902434372
8,2,3,5,27,0.4259953336362099,34.272280679550875,4.544989339917311,15,10.097876369803657
48,7,2,3,134,0.9116441791235403,3.247363974386008,4.504802540050731,13,27.37418374950779
21,3,1,3,100,0.8687706051442478,69.39290610098477,4.1677359628228,19,17.64836703742123
31,3,7,6,142,0.9819089505485867,69.55709912622923,3.2856510160576944,2,18.8339317154548
44,16,5,4,159,0.41419834278899903,33.08175851986409,2.8118059544203504,15,26.337795878382362
23,2,5,2,81,0.9275497940036245,26.413317441106337,0.9332893085696319,4,17.468324815005662
50,20,7,9,12,0.5239195195873744,29.552635866216924,3.2009543623476047,2,26.734739410394145
20,16,7,7,130,0.433169272586279,54.58050838548778,2.097564483437723,11,16.3594695917517
9,22,3,6,53,0.9569315566572414,9.817673724686191,2.7616090538888356,12,9.658251616042522
53,15,6,1,61,0.2861107907892365,50.78167584850576,1.4405994374689524,14,29.70541229227675
10,23,2,8,106,0.9286450461807002,71.47763257594467,4.871547074728479,7,7.412105941568723
41,11,5,1,80,0.9017940079675414,65.3028233316819,3.275705493783371,8,24.295286794791664
63,21,6,1,124,0.4250503562196625,65.30464869093359,2.9686871753536117,6,37.42778080362675
36,14,6,3,62,0.45831931933245484,89.98568328417656,-0.2956017456208262,13,25.014165530777856
63,31,2,7,109,0.32783076622452056,50.11375793216902,3.9232727581897766,8,36.86102321253077
8,19,3,7,132,0.645939261584035,12.25038556400243,0.8808089387154865,14,11.451498014115042
37,28,6,3,159,0.10392759175577404,13.227659863863886,3.152246548468691,13,21.793270628362496
38,29,3,5,123,0.27948796059340375,52.801654616727525,3.475503234657662,13,26.425364749868294
27,28,6,6,82,0.5991209927266427,17.858920328463753,3.466836784563484,7,16.038702803141447
21,3,5,8,143,0.16426575384528586,45.6241360572446,-0.11941916810547792,19,18.516125555111596
18,17,7,8,12,0.3876249981774076,90.06885542081827,2.865253159068,1,12.679517151801582
47,26,3,1,183,0.7949496299879354,86.63515708842156,0.870456992520241,9,24.843334246977033
58,24,5,6,159,0.33819158499530433,46.36160376117468,2.6489406345960758,7,30.767589080082733
45,20,1,7,126,0.6692068297866566,9.31341958393401,-0.5783814617523682,17,27.056448996839578
46,25,6,5,19,0.47289827033216336,89.29150446408812,0.4217124148918685,19,29.536942272394686
3,23,4,7,199,0.9459067080551492,48.28347038436301,1.3051650123523642,17,4.900761663891647
24,22,5,1,136,0.7952308372119604,41.261684263021664,0.8414292109741353,17,18.69191987931072
35,24,7,8,63,0.5542619579591255,86.43100295601262,3.6248621092273705,9,19.627958499430637
56,11,5,7,193,0.2045185315082062,51.032020473550205,2.95249022927049,13,31.495191090682994
63,31,3,3,90,0.7094609334784561,44.41276720504108,0.28971293721233193,11,33.40108756435415
23,23,2,3,116,0.3268511170310413,46.838595131450106,-0.2069971190332962,15,12.929797260357123
9,26,7,3,136,0.4207694351207176,37.851664782771095,0.19942585096895193,7,7.610436815645218
53,2,5,5,139,0.39673848756889685,27.970520367325797,4.555722121479984,4,30.24023217621759
14,17,2,5,102,0.28611251439318486,42.60603261863253,3.7782128785918063,12,11.427658262172855
3,9,1,6,91,0.533071496092741,94.45940134296436,3.7634229612458414,11,5.4525169356445975
58,28,5,1,109,0.2521547874733244,73.30455952971462,3.7148782252569426,10,30.140285097018136
31,25,4,3,185,0.8929333810702766,40.06752630324127,4.398833928912248,5,19.78870810634122
18,16,4,6,83,0.23584494589083813,25.93502302230291,0.16652293385604167,18,13.6305373770172
41,11,3,3,16,0.7606119079933528,35.09713760767524,1.3339169769781742,18,27.839156368449334
57,22,7,5,132,0.1967250715557366,97.40086184219376,3.180280342739147,13,30.453193704505107
54,13,4,4,147,0.8521818342243626,94.95424128951416,0.07676674803118355,10,30.99124414424561
34,26,5,5,48,0.1943520646424352,80.60886118209677,3.1382191209484027,14,16.19240719788345
45,28,3,2,44,0.8865979899614066,43.01186290284144,2.6622758822104036,4,27.364183108543827
45,10,7,5,53,0.36590723259816893,99.73547736053564,-0.3784630804236484,6,27.525977369677832
48,12,4,9,148,0.5970841440836034,85.21688578222796,2.13006237463263,7,28.60468846424131
41,29,1,5,182,0.5292332235884458,93.76921200910904,-0.16416075361860272,1,22.54782950780165
11,13,5,5,105,0.4767034852186821,62.49463932376082,0.010897340439577352,12,10.306830935514085
42,1,7,3,72,0.6981183885320124,26.05525446154829,1.2743907476372467,11,22.117477082947985
38,19,3,8,90,0.26384270407075117,60.270541309247996,2.2523633366760816,7,20.48864453106052
30,10,2,6,123,0.7531095949397362,30.3253730734564,4.079250778410078,13,19.253521760417904
9,18,7,9,61,0.6056755512614588,8.435849279378864,3.2920642433882383,1,8.673384184373116
5,21,3,2,80,0.4833037922426391,59.043963877134615,3.5407194181690036,7,4.967521366673053
15,5,3,4,106,0.13945395744812036,55.710014796562454,2.0199461894560953,7,10.615895143846124
25,11,5,3,112,0.6473909309901589,51.724245364323444,4.739540862972648,4,11.528020445140617
32,2,6,6,79,0.7491208956098565,70.54660417760815,-0.8321982767434404,16,22.517174508017618
4,17,5,6,122,0.9154707147717189,18.059472830710575,3.679268701681588,14,5.5409829271482165
54,23,2,3,119,0.7978555507167354,62.11975467090732,1.6855333890943989,4,31.329585514788285
36,3,3,4,153,0.1909601650268003,89.03131621847336,1.189802052794815,2,19.019522479456977
24,5,1,5,106,0.7167655203320664,23.106208636707215,3.0099074995640436,12,16.194459821597242
6,25,3,4,90,0.6882660854635374,67.09686659220932,3.0604266867208185,14,6.007375816219035
16,28,5,2,168,0.13020949282569583,6.9368450492252425,2.5749917030345126,11,14.168049013531068
58,28,7,6,17,0.5928361441499829,52.01423931916708,3.3077155457242444,5,30.66473379877282
25,27,6,9,38,0.9109788163418777,24.545534038424062,1.63929771915102,1,15.657283703988158
21,18,3,5,74,0.47107566145527946,62.873432202590024,3.6856140896287517,3,10.214088776678071
30,29,1,7,75,0.3569796596778618,71.33860336789095,-0.9985806672310751,19,21.136704713200032
13,8,7,3,28,0.472097813216639,14.92083476335281,1.1135804950962243,4,14.351494686661692
15,23,1,1,10,0.3967823577654723,14.560665710011008,1.6484902612296501,15,12.603195239367679
17,4,6,4,138,0.8800482153183058,79.47643284535552,2.116171405382279,3,12.187413738230646
29,23,2,4,89,0.163802757837813,65.52793589621199,4.609855942203343,9,14.144872121478652
61,25,5,6,59,0.7899734349526019,80.6882671163284,-0.46980363460633634,4,34.417649494201164
5,26,3,5,198,0.7259176987139262,43.68871179915751,-0.7014517395605369,18,3.409780625210889
22,16,1,3,53,0.5040921956975388,42.21095620500659,2.6212941662037754,8,12.520842593182318
52,12,4,2,150,0.4949698667881448,41.7906528575969,2.0612124296673056,12,29.132165969631462
63,25,1,7,128,0.960642808419626,96.33662499403333,3.447459375718271,7,36.71258481266139
48,18,1,9,23,0.36795460560211934,55.29135302115999,1.2433808697788722,4,27.64680139162349
40,28,1,1,127,0.7002229100579811,92.0206748778938,2.780848356874124,9,22.46958830963791
12,27,4,6,150,0.6370104178267674,76.86555410833957,-0.906472769475168,15,10.591676344506075
10,8,5,4,108,0.8392357410769117,39.50651137070868,2.5261852895743364,3,5.241603709953338
37,6,7,3,163,0.712906038334025,76.08648079233338,1.414812105147763,4,19.674923459063855
21,21,1,4,176,0.6906048983467711,68.82907149628178,2.5537614037834313,14,16.067871892061568
27,5,4,7,141,0.830354871584928,31.492716945284894,0.5882696537089749,10,19.492353278214523
25,25,1,6,50,0.19607186717130545,59.76897329433169,0.6553898393872377,10,15.053307733288625
20,16,3,6,112,0.2260790569918225,39.86855010505152,-0.16151610522523652,17,17.255393848333245
17,28,7,3,12,0.60443263423134,7.762915723703774,1.9845199038529886,5,13.562524169442147
28,25,3,5,177,0.25966035019671285,74.06207442639497,1.222144637765553,3,17.67801876934876
21,11,6,8,34,0.27156757864418923,61.266371591917896,0.9492521462894716,5,12.07910529602299
7,24,4,2,56,0.15309872789019358,90.48505121482901,4.558094202958609,15,3.6248629611365955
60,3,5,4,105,0.20653037339429536,92.0038296900751,2.240700264028019,1,31.743588538125675
9,7,3,2,182,0.8272909438393583,16.145492113830493,4.108793361797436,11,10.570576659934279
24,20,5,5,48,0.2632807186712983,54.90197332882731,4.919322116927933,11,15.309102640475357
60,19,6,6,183,0.3122891910297534,29.004298557463184,4.935927640443748,9,35.43086146884975
14,31,1,6,188,0.8144635829063981,12.853752647074645,3.402916364539438,4,8.19111989449138
25,31,2,1,38,0.9627617572524799,76.68174269990737,0.9461047787775525,19,18.728123012884836
8,1,7,8,94,0.6337034914480086,14.449231663794002,-0.7901745884221698,16,5.802751928323532
52,13,6,6,198,0.26305040651005274,58.4979530940891,-0.25580180998805413,15,30.727540303987205
44,19,5,7,12,0.11108349406900878,92.50818979217102,0.8955574792912231,3,23.896184771398747
62,20,2,6,36,0.38463681791485216,3.3652448283240304,4.058497543052281,3,33.0895526252283
31,15,2,6,113,0.37280406029282254,38.61421119359396,-0.5837628558134127,12,15.960125667974225
63,5,3,6,34,0.2727465197585925,23.152780782983445,2.8816177386756134,4,32.99809335196585
23,5,4,5,83,0.7055174681531257,99.25596088535549,3.8862812379655987,9,13.21081496571313
28,29,3,8,77,0.522217162710689,92.32411717321072,3.4967516927300233,5,12.498208138092961
17,19,3,4,41,0.30430245687627533,78.40766016768181,1.3079402579342956,3,12.713069758207055
50,24,3,1,92,0.19721204027791767,9.190047787887348,1.6910520326731349,12,31.97443614978153
35,24,1,4,154,0.23568015786723479,4.981672631938104,1.7424333589711165,5,19.073453779927775
37,8,2,6,149,0.6238862345773971,89.25651739920433,2.979987071135616,12,20.5202982986913
37,9,5,2,151,0.676372619919552,90.0911441675364,4.236691157186457,3,23.68888394048084
19,29,5,7,57,0.18204263897146805,61.55270293406878,-0.18282799439733033,19,13.406913512297796
9,16,2,6,36,0.17763121679487626,31.686029705871732,0.8514709290314775,11,6.7063092472432215
45,26,7,4,131,0.18916289751492898,67.64358773098571,0.5116847414635464,17,26.13297604286444
50,24,7,4,32,0.3715163184723954,43.55150310428695,-0.38715061744103085,13,32.89139684751058
54,24,4,2,101,0.6733083959336849,61.37455284848333,3.052014059369908,11,31.79960745958118
38,8,4,4,122,0.3160873167151995,25.346951731452474,2.9153763407899214,18,23.419737716480434
17,30,3,9,167,0.3220432137908989,84.76449746631302,3.2988901096576857,12,13.41043152932076
43,23,5,8,185,0.2607960239315605,57.59394415339703,0.13946040030150209,18,26.269357780894936
54,15,3,1,135,0.9974155664113334,32.984850963854605,2.4811581823818525,4,29.46054227663278
43,20,5,6,32,0.43731488022189846,51.33498673560591,1.3852094202899998,12,25.262941448457923
19,24,2,6,98,0.7663143948258794,26.391783836630804,2.9146971670485016,14,11.384571937121255
3,5,5,8,165,0.1589792227860793,11.59624984681631,4.858356506124356,5,4.152316101067234
15,17,2,6,96,0.7441320208972653,56.55238053710727,0.34427349082318814,3,10.34457581152345
5,28,1,8,88,0.28959490905883645,76.1449821975509,-0.6792006138155458,13,5.9088520579147055
13,3,4,1,97,0.18805271157074324,93.38437425156285,1.5450014254773436,9,10.769642091620291
52,3,3,5,131,0.5942667585399077,79.71234681272439,2.7847239677212485,13,30.330675240812724
29,31,7,1,40,0.95469821904528,40.85272855260604,1.239012288806086,10,20.23778385726808
3,21,2,8,43,0.3068895287342159,34.58414924161273,2.9307144711406963,11,6.09126226817359
31,7,3,2,23,0.42310280622951224,85.68859072380431,2.4828078919685455,16,20.529363900850992
25,13,4,9,141,0.35878951500164413,4.738024079053355,2.1596060436819435,16,18.05199989571286
62,10,1,5,176,0.33592260233135013,79.06163782249578,2.9846832852404064,1,28.99553595525434
21,11,5,1,149,0.7079482763720083,2.1684478558097293,1.6365096546551836,15,15.601662884388508
25,25,7,4,53,0.40284098662486534,39.52440594582672,-0.8969292540593823,6,19.606887968603075
7,4,2,1,69,0.26823808107768266,46.19725684352165,1.057242917364091,2,1.5693191100753028
10,8,1,4,64,0.13402170023339194,56.03308080874228,3.17286209552498,3,5.87954070824035
39,11,3,4,186,0.7800938034796961,2.8413829464396643,4.039991951406711,9,21.506351925807053
33,4,6,6,117,0.3427854418321474,98.0944053807475,4.20333782187785,8,19.173600837697006
10,5,4,5,32,0.4340663981921714,25.047393876393038,4.8763616435149055,11,12.069210759535743
23,17,1,2,36,0.1321722864564273,44.97176911426403,1.5186561286597917,10,13.640352326594305
21,4,1,7,168,0.7870471702973908,77.94093031652639,4.235633809028907,19,13.66527090609316
15,14,5,2,193,0.9366495920920868,9.084306483157716,2.40320010495477,16,9.67671664650287
4,11,2,5,113,0.9023899106953464,73.4056909850057,0.707882424497621,19,6.345497526264081
33,2,4,2,54,0.8231103733401745,53.323072136148454,3.289965336527768,16,23.14921870699356
14,16,3,6,144,0.3359781435723714,74.53249331294793,2.9328128850572783,15,10.158578635189425
33,15,3,6,111,0.8308491339895945,89.52738091780505,0.6251614032900441,3,19.992030452314847
55,17,4,7,69,0.4578716615412105,5.213563943300824,3.053203608453755,13,29.22191296497111
55,27,3,4,114,0.6360123314682724,37.54376303323858,3.3155164788551827,6,31.191167750035333
26,12,5,9,190,0.6768956565012969,19.41421456897036,1.4234434471741961,2,16.512316179713565
25,8,7,3,144,0.16125397714257586,91.83680009505682,0.04176795474341222,7,15.712106832030484
63,16,5,1,30,0.11636053094856508,61.33947000457156,4.280426392049371,10,34.279949718218134
29,22,2,9,64,0.9402630763045847,57.36315944113344,0.055605476143303134,1,15.40530394684994
11,12,5,3,61,0.7414045151105946,72.42441133965566,0.8457439801570095,6,9.998093347220072
61,20,3,4,73,0.6996149684702682,20.133472032071964,4.532948003953212,15,36.10586272581917
9,16,7,3,129,0.612052383341736,16.489734530337078,1.3018225322781287,1,5.016902722522849
18,13,6,6,190,0.5779337242156125,71.99008357647924,4.328843716293104,9,11.79382673946371
46,15,4,9,189,0.6749926049570104,80.40979487185436,1.9008841478172922,5,22.730190210137998
3,22,4,6,71,0.3005861186800539,27.03620344032884,4.766472051604579,10,4.465463496197931
12,11,2,2,191,0.8942499746090498,53.27308542276447,-0.7451157753208397,14,11.418391963132683
7,2,1,5,124,0.24654736581320758,11.031952442485169,-0.020147364308381377,2,1.8281577671997624
6,3,6,4,79,0.8719137749955289,16.392921090086837,1.5625763161804587,14,8.144163440397731
39,18,6,8,18,0.3784678805161861,16.806964980277964,-0.7207552213809427,2,22.78584751886738
18,10,6,1,68,0.16725165318345336,11.78815126363163,3.0402458723776586,12,18.2287723111172
56,25,7,1,92,0.1470410784098865,24.473892704441102,3.4208787317787577,12,31.28803254650316
59,16,3,1,131,0.7109865540153492,10.375516005414433,1.1351138248371635,1,30.611252218780518
36,5,2,6,147,0.30867735009740993,32.649050866466126,0.1624834747230357,18,25.03315298516874
44,7,5,4,51,0.579421852725884,57.26202903746356,3.779993631758031,13,27.510495147300013
19,2,5,4,199,0.800097166422249,42.0548267364561,-0.16498149392418493,19,8.0915603632634
35,29,2,4,109,0.7157766624054452,84.55007581475347,1.6682954630943945,7,17.58054184058241
46,28,3,2,125,0.22892130054614873,49.28654181045599,1.1895943834532199,9,26.935665555836547
29,3,2,5,178,0.17986316154641807,41.58215842945938,4.241790518813431,4,13.340616860641791
44,22,4,6,84,0.2575614479829027,20.797912859140958,0.8105263316616775,3,24.05998252039874
3,18,6,1,145,0.5412583218936156,7.189079145948616,-0.7214187222136648,9,6.499806356654966
4,13,1,1,194,0.785838728104701,70.69694322852651,-0.01830083889076972,17,8.569136051071226
41,12,3,6,22,0.4583916740901166,11.74826792585402,2.9729697648250974,14,26.432559284524125
55,24,2,8,157,0.26926043914054465,64.19717206261726,2.14887204279486,10,31.077389066256295
10,9,1,4,138,0.8888828812051301,17.42095818651083,-0.3852042118025485,8,6.54915034130675
7,5,7,6,113,0.8918922634605013,12.373226695948214,1.3709616151418293,4,6.218376126353063
31,27,1,7,121,0.7353544504539534,80.75447865312388,0.487967834129734,16,19.24574643254948
34,9,1,9,192,0.8524672842725108,5.192999298467557,0.5756081114991614,5,16.43232182438491
38,12,5,3,163,0.5524974404390058,5.993153444517703,4.200270435077586,16,23.59043307309346
63,16,2,4,19,0.49863637923704607,14.851829001979809,0.1765493467295043,10,35.39577369259404
3,3,3,2,162,0.9006296671005449,69.09818024796296,2.717759020184179,4,1.5745778981682155
20,21,4,6,199,0.8765219585670126,73.0165006742245,-0.6285949444598311,10,8.502271203621703
47,5,4,5,13,0.6401948552058948,75.32716713320478,4.333206575702494,19,28.750092739228457
46,21,6,6,106,0.956641462164416,6.016849145762966,1.5930919237668189,5,25.644766184596467
29,11,3,3,62,0.9000269070718127,87.3325709485143,0.9099988513601336,11,17.028599665187127
61,29,1,9,76,0.6917335848743656,72.22820718148942,1.2286970463006153,6,34.95161210697182
36,30,3,6,176,0.6130543522940827,40.74619353864443,-0.49545204100613205,16,20.984698589110486
18,3,2,3,19,0.718581033973618,83.78534247977701,3.992743536440038,4,11.059505970229889
37,19,6,2,166,0.6003601298033873,49.13356015831692,2.8270478143725954,17,21.574270438599083
32,24,4,7,113,0.49052395532751947,4.866181217485221,-0.2770997363250538,8,20.46063399968557
9,2,6,9,146,0.9718082960677263,15.565799402163762,4.246421612067814,4,11.495445182681246
4,21,7,5,115,0.4262488390462529,74.16670312294832,2.62308851725873,16,7.414623919313213
33,9,3,3,59,0.7865047645197817,54.17756393369081,1.2827382302190067,18,24.68296636702868
6,15,6,9,171,0.5775084470468277,38.95168166024671,4.597239451906155,13,10.046826236769656
54,5,2,7,62,0.697080357012029,57.76167568992898,1.4193008660882924,11,33.33021618317148
45,28,4,9,56,0.8323642247318451,29.451275437959655,3.927110574199819,4,26.24516421960175
47,16,3,2,171,0.8849206619383267,21.911870372379738,2.8080216722742763,18,28.344964600236768
30,30,3,1,95,0.9943622567892539,4.015350798731594,-0.925990015215898,8,14.300414848744026
62,8,4,8,12,0.876739903924612,36.10718442902974,0.0915267200253207,15,33.623273971820346
55,11,6,6,169,0.13258250293850357,95.67363664415025,4.370728684403179,15,29.301923155782
52,22,1,5,153,0.12670743624711633,77.11800575188694,2.573665907741986,9,25.63326928541593
4,1,7,4,70,0.11902588389782717,3.027725113009901,1.110896725084352,18,6.309712698127971
10,24,7,8,156,0.8903372168386127,75.38065892382392,3.488257792685798,9,7.426748559312982
30,5,3,9,148,0.47983378284061695,54.80332789816513,2.684306738486057,18,16.159294630028793
32,10,2,6,13,0.6189006196943633,86.55819087787718,4.934231997188117,6,16.962957417270623
27,8,6,4,63,0.4025496972240723,70.49714955094575,1.2486622210394112,15,15.734775647127282
61,24,1,6,61,0.26171740291303547,37.270755636460215,1.0800660627376102,15,32.76740165461183
38,1,6,1,140,0.754299236209131,18.936780150779406,0.1348084041870239,18,21.530832443831088
52,6,7,9,71,0.893579976698862,78.66567759382544,1.0298786289615025,12,27.774538965506075
29,28,2,1,48,0.3643925512988109,39.41624132511751,2.968508042501381,12,16.84786449717066
13,6,3,4,118,0.4260256524875421,54.23073333682638,2.3516876653482495,11,9.367775182719964
52,14,4,9,66,0.27897779438631787,89.62797776215844,4.381681346607105,18,32.20518422472438
27,23,6,4,81,0.9382982157602245,20.294607058399574,0.7742929850810374,13,14.496203371934058
36,31,1,9,162,0.1808889599080511,60.59839712209094,3.467535458880456,5,21.539131736000865
38,28,5,9,196,0.44961915653970863,45.75733701367074,1.5828499043992657,12,23.13420992586846
57,7,6,3,108,0.7247280508849245,95.04817271187493,0.1654608619760911,7,32.274140419033195
33,19,5,5,89,0.6067597262136323,41.23689408724579,1.7968364798392318,16,19.5770728386369
2,11,6,2,168,0.38900519902093966,62.930244783172014,3.920423451697454,1,3.3561148814498414
8,10,2,8,53,0.16926175142075595,32.98438877412042,-0.8698710845418685,13,6.840943941915026
2,16,1,8,159,0.923279338734573,62.42370053121067,4.838065701598643,15,5.028236618179985
2,28,6,2,144,0.7257137291707632,1.0673580839923962,0.3378378439092202,13,5.239462968764171
23,21,4,4,112,0.7263774346690511,23.494873171243867,3.313656565837645,8,15.095498288541743
38,14,6,4,10,0.5193984163908305,17.443262532553245,3.797550810778219,2,20.435296957667905
10,5,7,8,29,0.8893970822661136,97.04702041169669,2.8359889301321055,11,11.007112979436776
47,30,7,4,123,0.7332499957865589,58.17886351332487,3.669604902575723,2,26.297937711782453
15,14,3,1,199,0.46110255836975944,61.63166198151013,2.855653877714877,2,8.256196212192169
5,4,5,1,68,0.5354358864866513,29.417297050052756,2.9702939995834017,17,4.522144612374343
61,1,4,9,66,0.9280131579371541,73.87528871412076,2.8793509805745225,6,35.44907229207435
21,28,6,3,115,0.21928386414447196,81.86104187303577,4.813915343690372,17,14.554158189254945
16,24,6,3,51,0.312316070476828,42.49206957205472,1.561181618310807,5,9.5009178556125
20,4,3,4,78,0.5311602681318403,61.65589414345351,-0.43548321962052294,16,13.201274447553251
42,13,2,2,116,0.9078333101536085,71.3966645584515,3.9092524560779145,12,23.80213460410816
14,12,7,3,170,0.644857204107789,14.782558716777077,0.37291093087608895,13,10.936702188510397
38,9,6,3,50,0.12792058737995113,68.85273063713947,2.880352866288698,18,24.14325957416191
38,18,4,3,92,0.9921548377470569,87.78187694407679,3.4969853654056786,2,19.838807724369765
35,8,3,1,24,0.8547671721047695,62.04734069571007,3.0999561167320397,11,20.619748611533936
18,21,5,5,23,0.31922077970374696,22.52138282965336,0.10043469430761087,3,9.100846321691876
33,13,2,2,91,0.8827414087347694,79.46433852820611,1.9057033862897033,15,18.907981075388545
37,14,2,4,195,0.6390177550416652,31.94051861329549,4.367727562971736,7,20.290334485750385
61,24,5,1,15,0.5363660444395797,23.027891100107205,0.15775611886495278,1,30.403069388046816
13,2,7,5,181,0.3502555242795966,14.031829956054484,4.596695055200177,5,8.278705726689958
28,22,6,6,31,0.8397933180993662,75.39814335241681,0.26982246084579065,11,18.277465073171843
51,6,2,7,148,0.17649799936873362,3.2379188313167577,1.5066567471037082,17,29.87319571859652
32,26,4,5,28,0.7091696291682283,34.0322123069101,4.899129330102953,6,17.154358269482792
40,28,3,1,125,0.652606678679844,64.84825522625164,0.08045723150102524,5,24.945558250646567
15,15,1,2,51,0.5567123217281623,88.74159413775418,4.905257803810046,14,9.421176748955283
58,7,4,3,169,0.7848162188695222,8.571614656341087,4.4775688820156745,5,33.48600511128086
44,1,4,8,134,0.15130603973327947,8.702690735351219,4.9933992697838985,17,24.56100126618266
9,27,6,4,80,0.6410311573650838,59.508089885915425,4.3626782248510105,3,12.078688063691644
14,12,3,9,130,0.11454381015823675,88.15126003127256,4.277143739896145,5,7.766651471266054
18,8,5,4,169,0.3011974673526806,49.01814315224706,3.273773590325968,11,13.173548236769406
53,6,3,9,111,0.7653288000060877,84.65688646822274,1.1481624825058052,18,30.398122172147445
49,5,4,2,164,0.30869823466575025,39.92209076474311,-0.48210167597249387,2,26.82747870523849
3,15,7,2,160,0.5392865228529817,51.23813751802678,3.7805957040711897,15,7.695024401886323
49,25,7,7,89,0.9794327271045474,69.78535856820177,-0.1590256779682917,13,29.43544786844515
63,18,2,2,131,0.6066478894454703,29.484254267497203,1.9944689877331703,9,30.789191573774346
28,12,5,2,141,0.3173494862395397,53.440546877560166,3.6059231755069687,6,18.578933346629455
35,22,6,4,31,0.47789853411374594,76.11960929940781,2.635941554402229,11,22.268231028546563
8,15,1,3,84,0.7764532199277503,38.81245060484149,0.4809408934101709,14,9.659836217565239
42,30,2,5,29,0.36629428028156086,28.46841751593596,-0.31634838245766095,17,26.03592279416293
9,2,4,4,178,0.11382659715752369,15.63124903306814,4.583780832491572,4,2.95034202938743
23,2,2,8,197,0.6875415983857825,48.110676334987836,2.909465491369126,8,13.760953694412688
47,2,7,9,134,0.6370950377448805,70.20304702895105,0.4958983311750482,5,25.131955312108975
57,5,3,7,119,0.1471646579835547,52.00317354860816,3.2953913315048036,1,28.83740702795319
45,6,3,2,76,0.5111726244709225,68.65451839956025,4.071352251443745,5,20.886312740460948
37,27,2,8,91,0.7061834977004798,93.4118069930038,3.7986257679490416,5,20.81675556355688
26,12,3,9,85,0.5332262028241139,89.9313022034727,4.135569702508517,4,13.719340551851579
20,14,1,6,36,0.7499978514574076,66.56822392185062,3.8918560757365883,5,10.038364369312074
19,6,7,4,16,0.6917419510111786,36.24656630077846,3.257836891831471,6,11.574538426994279
24,8,4,1,161,0.12438670662574751,25.560483980276803,-0.2494231695019804,16,18.23173074076264
58,15,4,2,75,0.8649223370983494,40.21560688884466,2.0517871596326875,4,32.00870642829224
13,8,5,5,155,0.7905134193797826,66.74338720328134,4.247488512680645,3,8.838867194065061
18,17,2,5,79,0.7270699359118923,19.61514464555483,-0.016699577190689485,5,7.3832869158602366
35,25,2,5,67,0.7262477246131307,64.56274000926578,0.7135771493368674,2,19.787540799279896
11,6,5,9,67,0.4057673301145549,39.645407087394425,4.954530487928422,18,9.418428029777473
12,24,7,1,164,0.9737408987148026,86.089039880994,0.6036970631094225,10,7.69056843352911
26,13,3,5,157,0.9803567556418994,31.35018072170123,2.890793934324837,7,16.731479968440244
36,28,6,8,136,0.6706382322647702,54.8508945316867,1.940617319784339,5,24.96858196789719
31,24,2,2,73,0.502642868822268,71.94889630967494,2.404006124516802,7,19.064068051139984
49,11,4,6,59,0.25615313784766114,96.89492124202211,0.9953692148238651,19,29.81374450347183
40,21,2,8,77,0.7278416465055911,33.86731653293903,1.8817798486527781,16,21.56846788908517
32,26,5,1,190,0.3338612884392415,85.95879956450926,2.266992496248676,10,17.192313835199425
17,29,7,8,112,0.3141210719434138,21.448604306159915,-0.9388625907172665,10,10.929156175284412
53,25,5,3,160,0.5338583453246124,17.100120174340034,0.7379639485753542,6,33.80698835385069
37,10,4,8,194,0.24719020644922346,3.044945830233295,0.8706138022860885,13,22.700426864343903
49,11,7,1,16,0.36016214414949355,95.57525880086172,-0.8744638853544937,14,28.50898951432959
16,13,7,1,103,0.14707794588257453,81.29946056803077,0.7771660248655803,11,15.719006809209645
54,12,3,7,14,0.5932739298152707,17.59498804517711,0.2576300975791517,12,30.038628408290894
59,3,1,1,101,0.10769900983727428,32.636948230407775,1.6734614614368395,8,33.352883589477585
31,14,2,2,76,0.7502748750598631,97.36621438225491,3.096679557846884,5,16.662952202047215
60,28,6,8,104,0.5330382917218608,12.02846224133805,0.7928913270839011,3,32.23107576641121
53,10,3,7,154,0.7933899723672387,81.22358955685638,0.8163840945073735,8,33.36753212902354
35,1,5,9,108,0.43920834209792214,64.15850607380048,-0.06197342094441627,8,20.370493446312796
17,25,1,7,91,0.5980980721356314,52.32942919540945,-0.8710690221817343,15,11.607928112084446
55,10,6,6,57,0.3534127477944684,1.194252263962564,3.1172170112524533,13,32.4734313462227
26,21,6,8,128,0.8609897920539002,13.174764465581593,-0.3265953112218525,8,18.99566561907909
39,31,4,7,128,0.16735786280864476,32.78067818156726,-0.1764084325349864,10,22.988985328975907
55,8,4,4,114,0.28327345293085116,57.90403232573438,3.1107359131314922,14,31.226925167659036
44,31,2,5,117,0.8946915408277035,27.537641920349174,-0.6625750177798,17,28.279975467459447
55,29,1,6,105,0.601549148480455,79.08705344627877,0.0025631907452998703,13,31.271444235942514
12,13,4,5,129,0.41763360645415526,73.70956407811045,3.991667941281662,11,10.380208137334636
46,7,4,1,15,0.2136849384958589,16.197116120094485,3.947309817303979,3,21.381261432199626
34,3,3,6,17,0.23918028717634904,79.496846606681,4.655266504934062,19,24.589574282994857
35,28,7,6,160,0.9646644114083036,30.876077830416204,1.5447486257635572,10,22.45183885372632
18,13,1,7,161,0.9823042418644605,22.31255150220071,3.815940001473927,12,11.475031369175202
2,4,3,7,98,0.9245721354072589,99.78479421271263,3.7797111536936487,8,6.4943778764264035
39,12,4,7,86,0.7188856928996582,90.14205627350377,2.9609286422884074,8,22.213427528038928
4,3,4,1,49,0.9479066742452299,61.739573444688574,2.4520577900993423,8,2.8028945354824253
56,22,1,7,106,0.9616115323649045,83.99150628006244,0.15484903810199646,14,32.6473509735612
61,24,1,6,176,0.8241008201874949,78.96354448915574,2.032240390999122,10,33.51978269267994
21,29,3,5,94,0.2415611496923017,10.278048155550069,3.3824492621192697,10,8.567287036938541
28,13,1,6,77,0.8845821770739981,64.76289101786568,-0.8121577304276544,8,14.612484803814553
9,9,7,1,11,0.8076667690289402,98.06683902546409,0.6996476095303188,5,8.681058327620388
40,8,5,3,60,0.9156774153061608,20.238976029329685,4.686863658386093,15,26.022559330878583
34,8,5,5,48,0.3396678458320061,28.257773684957883,4.697464828394523,18,21.294791800190954
16,12,7,1,62,0.6325760588450847,88.12959856849544,3.738871152009141,12,10.033337778758305
29,10,6,7,148,0.20019334070406497,94.2339028058231,2.101049633713373,9,19.883560703448847
41,16,3,3,69,0.3587202932557554,15.499795289821002,4.21877032067258,17,21.265906039379637
11,7,1,8,67,0.23106467763632318,72.64206851279697,-0.917823723648612,1,5.423480122623068
36,3,7,6,35,0.6729312852929393,39.69483282757525,-0.7234297363044699,9,22.17912336924441
9,9,2,5,44,0.4602752903208778,19.21224676777838,0.6275285222710829,13,7.602057941696287
13,25,1,3,141,0.37703366166615726,31.49756137816704,1.0718308662218687,19,14.937233992244787
57,1,1,8,23,0.47159271683253123,54.447558085023154,4.624356790567109,11,33.25736296402298
43,1,6,9,47,0.5709719151535285,64.76918951093703,-0.8481594656751901,9,21.951142334933124
21,9,2,5,144,0.71598505675005,78.1572029575916,2.7102978937406927,16,12.131514776134196
38,18,6,1,196,0.5131563176012062,47.15358092899664,3.3544449816533106,19,22.521535502647556
63,15,4,7,60,0.7141984024567364,28.970518639045,3.3109577087201023,15,36.34301856684876
35,17,3,8,147,0.9460091990764896,96.32744997620085,0.873623747592909,19,19.40047558901354
37,27,6,3,115,0.6697127795828066,66.67427927840357,3.9728014369482283,19,24.87091373268819
38,3,4,4,192,0.5487769224128444,92.04787030982317,2.043761140167809,15,19.979945740111138
54,30,1,2,130,0.7464837783941496,54.712284079074884,3.3252665520997304,8,30.388428019926977
40,31,1,5,78,0.5063197329411561,83.63671252253701,0.6570231470565995,19,25.91464883030102
4,28,6,9,90,0.9088096038240742,10.637966552309033,0.13432497104770724,16,5.110380312085962
63,13,4,9,52,0.5398913341720676,34.63910650082183,0.7600877799802712,2,32.449904073132714
21,21,7,3,16,0.7955009641200185,87.34701933898099,0.11789975195701863,11,19.484733020107377
48,17,4,5,150,0.3020594819582716,60.72165966864562,3.1026205874189277,1,27.298056038316517
34,28,3,1,114,0.703590100449153,43.70557869044012,2.1554651045871416,2,18.49162843546754
37,8,7,1,148,0.13938482886554762,30.86088825188272,-0.23003248611495697,17,23.486410519486036
53,31,7,9,87,0.6586869797797152,94.2783612748486,1.632703538198125,14,32.576475469511884
62,23,6,8,97,0.34840869624234677,78.29131328172565,1.8709495837016066,15,36.73545166863066
33,13,5,1,114,0.5761936165010182,24.420174346352866,0.48302577264861246,16,19.508939160374567
33,6,1,5,50,0.6873087311703527,20.790874882554842,4.477457036099405,17,17.0271120572963
14,14,7,9,104,0.8965539262984945,31.719432037468188,0.8121790903077086,17,10.01002190664252
6,31,7,5,146,0.18840895024024912,29.596383356972762,2.43876320999815,11,5.120070924946875
11,13,5,2,10,0.26625344993506317,8.301334207516092,2.431436246612182,17,12.875988780039865
4,22,1,2,108,0.25902820662364445,51.40366342946778,1.463920893271771,6,5.049722976211429
2,5,7,6,159,0.9345732558449861,95.49179022823829,-0.7797327717269278,13,7.258109538782429
13,4,7,2,11,0.17378177263909295,12.821899748535191,3.3906378572127096,10,12.021998566595704
45,11,7,7,191,0.514544962653779,96.82560266207837,4.385045298793768,14,26.800988237830275
14,15,3,4,83,0.8112706674913902,35.395977442229764,3.214625920935169,19,13.783875779296077
58,24,2,7,76,0.6096856342315039,19.235811469137367,3.024485875026514,6,31.427729908859714
51,29,4,8,134,0.9775852717019324,53.38559784974417,-0.9928265857527341,7,27.608176118187153
3,1,3,3,81,0.6173232759411877,46.09506830373384,4.980455669982808,13,5.136956079826589
41,19,1,9,150,0.23738298390156437,8.3352556646916,3.9915904269866944,7,23.60482241301412
55,24,1,5,131,0.4201699410501051,15.183066202584705,3.311115328335182,8,29.3746287008462
16,31,2,6,105,0.3390513950085783,73.60799526327182,3.7848370205676005,18,14.000813476425172
58,10,1,3,55,0.7340050239419391,43.19197861291652,1.6952909454265264,14,32.92571162352123
17,19,5,7,194,0.6231056029071995,69.73462091628016,-0.42116009451864045,11,11.3062917861134
13,22,5,1,142,0.21559600712224658,99.23488467967124,3.5784622046279484,2,9.922881805769864
20,17,3,8,23,0.6032851674160528,54.44050174545991,-0.38996033199633673,6,11.088680417752006
58,10,7,2,100,0.5220934916461214,3.5097207343140524,1.815816820555523,2,31.491081327096698
5,18,2,4,99,0.4788430600376914,69.47253466605224,4.871562763685811,2,3.062032959518996
56,10,3,2,185,0.946857124741205,1.3171577293347965,-0.7920373408561001,16,31.548413731745182
14,21,3,8,173,0.9039791886639263,92.6749962143256,0.4478652039458684,6,15.995738146151945
26,18,7,2,180,0.1168589258821325,17.886335637220117,0.5428763872770703,2,19.66200142178851
34,20,5,5,43,0.14942338163114763,54.84322848705999,0.6143389196114957,1,19.67640114847194
3,26,2,6,81,0.25049947433925535,90.74569111830951,-0.039777467692425406,7,6.584217223564796
12,18,1,1,46,0.8914477516374486,80.51209479641943,-0.8339997630997862,3,6.983809159348534
42,14,7,5,28,0.4986242800213021,38.416254813118854,2.8342300420781386,7,25.249063118007886
8,29,3,9,13,0.36434164600401686,71.17739189326836,1.6576473290814295,7,5.750776049002959
60,19,5,9,187,0.7969129826410868,77.18015533338757,2.9469804155602017,8,33.804845644728076
12,11,4,3,166,0.20332647889922434,86.85787782312761,0.4358594520617627,4,12.6263167797985
23,27,5,5,190,0.5493254583343189,34.250564660602464,3.5498105319359796,18,15.382260435150078
43,22,3,6,75,0.21496768204423947,3.3460550749671683,4.483109887779303,18,24.280605995301382
62,27,6,2,93,0.8605863557461962,30.41180217255091,1.267257626267142,15,37.31319475292237
42,20,7,5,154,0.5242931669866795,91.38850035897518,1.9071885391692973,14,24.686835626214705
60,10,6,4,41,0.8186258383853396,65.97575357520515,3.6735984268400967,15,33.6068937933777
14,13,7,3,158,0.7572401863455734,47.79689201584137,4.371842018522585,7,8.056230172149052
25,22,1,5,142,0.765054756570797,27.75197884831845,1.1110100698528909,5,14.950188063538107
19,7,6,1,13,0.5028202721003067,11.579295071183395,1.8320957973943726,12,10.386016428256356
34,18,5,1,152,0.14556092511212612,99.78527368658244,3.324239506633175,8,22.96286433070777
9,7,6,6,141,0.7932368536756812,50.798283194287265,-0.7283414204225711,19,11.658906249239203
62,9,5,3,154,0.5982726328328825,57.53431572105497,-0.42885684104549204,19,37.29017564235568
63,13,7,7,63,0.14994739586091174,19.861551892383115,-0.4284585310585389,2,31.717379269552595
23,17,6,5,170,0.5888236404711313,52.22561856608622,1.0025855992182042,4,17.740314789291432
40,9,2,8,95,0.3201037021730818,28.170126853259838,0.12585742519060794,17,22.307938536782455
6,10,3,2,27,0.3463860433167812,85.11810551651311,2.2202141933878323,4,6.076004997349348
33,17,5,9,33,0.7577764543525224,12.714009402237826,0.7545739707243491,9,20.376677212254105
5,20,4,5,135,0.8994624179353193,66.50447514146774,-0.8854874373078081,4,2.074778083117676
51,27,6,3,137,0.24929554518437969,84.93096903670245,-0.8697810570321254,12,29.93826960414819
34,7,6,9,29,0.3404808205008414,34.62234493291677,0.18770803132634906,14,19.559074996960998
15,2,3,7,192,0.9609067513251166,3.332587092946195,0.8350907766749334,7,9.80324455247294
15,8,3,7,117,0.6927499439086611,29.50430806459384,1.5816888661122315,3,10.623290971951409
18,22,3,3,69,0.5593348915353616,88.13382656871539,4.912309841958521,1,12.157808701556146
48,15,2,3,158,0.8746194101619011,62.299461953653434,-0.36023336194944755,3,24.74055542930212
41,16,5,2,156,0.5325380323116433,51.45346333885708,2.504886783845543,15,23.514240408992215
47,11,5,9,179,0.5184110641322239,54.62745098109665,1.4925043025597269,4,27.152914555944495
61,11,7,6,133,0.6431557393297104,84.56217158281355,-0.07535806611365126,17,36.73323840701224
42,18,4,7,31,0.1896716970005545,1.287445682250178,4.276534094082348,13,26.427439458626925
3,4,7,7,134,0.9626030837136741,17.663200652226383,1.2053683327790914,17,9.583085660558808
9,11,2,4,161,0.6388396914945101,58.57314656439334,1.640702403202484,11,8.103577716468841
47,28,1,1,179,0.23600800115265302,21.335559466982158,3.96239548217107,8,24.378642656406583
45,22,1,7,197,0.9130440509470621,42.82243185294822,0.19746076718414196,15,22.795140662200875
24,4,3,5,54,0.2898483272136532,72.71959574578398,3.516555936325906,10,17.4478182849999
49,30,1,9,75,0.763736645785649,85.20711763382336,-0.055510000831775486,7,28.65515397249269
4,4,3,7,111,0.42638716411304456,98.82662103080052,0.13512586414929117,19,8.613677528214192
22,13,2,4,100,0.950397903846022,83.7584042385543,3.8155563324907105,11,12.359819241927807
24,29,3,2,145,0.6713198131779267,32.33019834283466,0.9472231552454298,8,16.084818504680676
56,12,6,3,92,0.3430663006935085,80.89819620638424,4.637087192511659,7,31.63686935080967
34,25,7,1,74,0.955246146478782,61.60864163962511,2.1066503524892997,9,23.336219497888543
42,26,2,9,45,0.38647828189139677,10.675933454537935,0.35999072254807474,14,23.64523287528419
35,31,3,1,198,0.4820455323138362,52.43253281131275,3.5132987645674927,9,19.647124086468864
23,9,1,5,148,0.45843051269175383,28.309586337613716,2.406580981468305,9,15.87311116153279
11,24,2,5,147,0.7306669259773796,5.379444198068735,4.424590448973201,19,7.389673724113504
21,6,4,7,179,0.6409370709769106,68.04960300531505,3.870536918574926,17,16.181331608330275
22,25,3,9,64,0.8506122514931349,55.92113073613232,4.141655039107676,12,14.328032574768717
58,28,5,6,77,0.4484154553706525,99.41119261446559,0.2403941714149247,17,35.39100818127641
38,11,5,5,24,0.1736021549777636,41.38199945809233,1.4268804205759,2,17.976367449948285
5,4,4,1,123,0.6532216444673022,52.82760327418271,-0.14265601687380602,9,6.05190179891411
21,31,5,9,146,0.8144823070213141,19.98706220883883,1.7180397811695025,15,16.83671076343801
56,1,2,3,188,0.4097429677111607,84.05963970786827,-0.174693130681842,6,29.132715412807958
3,1,2,2,97,0.6850624905402829,92.77256188881158,0.36451252236418785,14,2.6691449529830855
25,31,2,1,38,0.9891349600374449,45.252308925451096,-0.44217226831011835,13,15.388426654641432
7,16,7,6,34,0.1614415969663556,35.0517226077428,0.3687935942771956,2,4.444349944290132
9,20,6,8,137,0.4370055832799533,75.28770449399211,-0.8277087439846627,4,11.967251888501682
63,8,7,8,155,0.36163760728127226,41.39686682520525,3.6156594005317126,7,34.910814052866264
4,27,2,5,172,0.6915215269270143,70.41445044152714,2.4576887209849287,3,3.3354469877673965
43,2,3,1,86,0.8905223680269712,83.94084998964749,3.320979007557579,3,25.888132393373926
32,29,4,3,50,0.4999053430370106,13.848351735654093,3.133590817035121,10,18.475667920932914
19,26,4,7,172,0.4212583075021795,62.0777868012047,3.941708974391841,13,11.83643015009899
39,23,4,7,118,0.7626207866109808,49.579394121669985,4.456291174213641,6,22.458590382293057
39,12,3,5,87,0.2719997358333406,71.22024518752026,3.2815542395469928,12,20.080999144664037
37,28,3,1,21,0.2382873340460489,3.884526987044941,3.8953915419198513,8,19.155964423456343
41,9,7,2,161,0.4263487749161762,80.6141636520759,-0.4597131412118809,13,24.896459743957568
29,25,6,4,42,0.1971384111186551,39.27053498552279,2.0317097902510324,6,16.93027327229558
61,16,4,8,196,0.29446374875321873,73.74179950221722,1.3301984771690512,12,34.07765464424307
55,31,2,8,91,0.6020510241429617,12.327843421661015,0.5830456038135103,11,31.70323292643227
33,27,1,4,90,0.9942270868980919,69.32420191577414,4.729320052096234,15,22.505520951171775
13,18,4,5,34,0.9142310442142093,69.50247751138966,3.9847561582699154,16,10.734614895412212
20,2,2,8,39,0.7323986325947941,49.25681476546,4.6899976547761195,16,13.004636160331499
52,2,5,6,97,0.8085789309670908,35.145636842982334,0.8499249584920672,10,32.2887687520776
30,31,1,8,73,0.650831410178202,47.9931673677274,2.4070772690160207,17,16.406245732609545
8,19,6,6,80,0.9384724791214194,91.57321053198176,0.5712329688649203,11,8.552617742370533
62,28,5,8,15,0.37238607628217824,35.48766494234502,2.636290620481346,9,32.97632285796979
24,12,6,4,99,0.3113604820914946,41.801084184484125,0.8183755083271231,8,17.064396039873905
47,26,3,9,55,0.8836381427183044,31.967879761206884,-0.5762833959222506,8,27.900868729140843
38,29,7,9,79,0.14350670862899284,9.033620948507139,4.198443755655332,2,19.694606151235302
45,5,1,7,158,0.47098252091049253,3.743525224922886,-0.5617316086117603,18,25.223847797887977
12,21,4,1,139,0.42762729072859307,93.2790419549213,3.8531372178285848,2,7.361701971324222
53,5,5,8,83,0.8907865076358139,91.36739382770408,-0.8134283320232654,7,29.11344604245136
17,29,2,8,30,0.3571653995883798,43.21819753762712,2.109713113221075,15,15.145377113100727
33,1,1,2,20,0.957182565288676,4.808767970362201,0.6226677618319854,9,19.577333358613384
11,13,3,5,104,0.5253314226152163,39.304506036586815,4.111091863796205,4,11.434971552410946
47,11,3,2,67,0.8355563884281085,30.548204831683417,0.2674201065021915,16,27.052755243216936
26,4,1,3,129,0.9290777759810701,96.02914941289333,3.7911216626931177,2,14.065085740346998
31,25,6,2,15,0.8025060828940748,2.0742562870516177,4.112995340587868,6,19.957726360887996
40,9,2,1,53,0.20647341182554946,80.41278381095377,1.1235776633335997,15,23.71545193005362
43,14,3,7,112,0.47863799652806194,73.11252764738896,4.535471325227345,15,28.511285297937995
46,11,3,8,133,0.7544305549944225,22.868573056005946,-0.9981652864919821,2,23.592867897093168
61,8,3,7,75,0.2542137068107631,47.08352311904026,1.4277620144889163,3,34.83287560344726
10,21,2,3,58,0.5269712393272058,48.69580898697759,4.021305925619653,1,5.4246464768620175
26,29,7,8,110,0.5952693234964586,63.40335076313771,0.7828539393463196,3,17.0091433204313
52,26,5,8,128,0.12950030159957412,59.55712401660591,4.963757011121477,13,28.1958466813356
60,10,1,8,52,0.6784880600918689,39.20525981587735,2.057294274871427,15,31.78007032960693
28,17,1,3,115,0.935271732893413,49.899497059382554,-0.4178172953965098,6,15.229502963358115
16,6,1,1,135,0.4627700199798731,35.26887296599424,0.927760484820531,18,10.71928085138517
9,29,7,8,174,0.7806124773259849,37.46198842516063,3.386413626139742,8,7.425170580618876
57,16,3,3,22,0.45321997217210785,44.42509106873119,-0.4561126333949228,9,31.95565706761904
19,22,6,3,165,0.5683898876089086,85.34886846376578,0.1681809248154793,17,18.549418775382033
38,3,1,8,104,0.3771992994483454,69.66597450500566,1.4488012487785706,18,22.793955091837947
45,26,6,2,176,0.2072415198376007,69.66772599810494,4.521473841719027,19,27.872830755648753
11,3,5,5,124,0.4602770892028718,6.924150884149568,1.0952808092475008,13,7.921783527187161
50,10,1,2,114,0.7298028249925659,76.54784044749375,4.7714803912998836,7,28.540549926287696
9,19,5,7,19,0.3974189916104831,65.87227467545895,2.681806071108963,16,7.478423820613651
34,20,4,2,73,0.1352983293201516,46.3262547423139,2.3076258440101185,16,18.53617181287146
51,6,7,8,182,0.7454962294292783,8.008211668087291,3.9621448857497503,19,33.17851647926613
45,4,2,2,63,0.9069269510124284,45.62864510575565,4.573090220599266,16,27.575710296565095
34,25,1,4,107,0.4891544446825874,25.581147907127257,-0.8120955848922387,5,18.142413400689296
23,11,7,8,28,0.8486839509341462,47.75803024941672,2.4838338122618655,13,16.882659790751127
30,19,2,5,148,0.25878532250361297,36.4926853517826,1.7970230634422908,5,15.030545114645363
42,16,4,6,66,0.11928231607928537,84.55980688421445,2.3220537106406356,10,25.016665977922226
53,20,2,9,131,0.6118039099974433,9.809529463488387,1.308763822494023,19,30.235185390202293
52,18,5,2,175,0.5039881847807299,43.29804897924469,-0.21776159430710695,16,33.26537061594342
50,13,4,5,84,0.2186230307159852,92.36470185503653,-0.7881766349762189,5,28.71417660493709
40,25,1,1,188,0.9879419994262296,21.52454573124704,0.7367407915795781,13,17.39180983989191
46,6,1,3,26,0.49914862953879047,65.24099356582254,2.7862491560420732,16,25.295963596008804
33,8,5,2,70,0.7587931875180335,18.387458301466367,2.260384632959541,11,21.190949260628532
13,5,6,6,71,0.8906468261790226,83.45869779028985,3.0970606645267473,2,8.30566251416587
18,29,6,5,189,0.9282057358448336,53.13261557535364,2.002534940138344,13,14.469489062782854
48,23,4,7,137,0.48740269073152886,22.714099674466755,2.138235523136247,16,27.077724375071924
41,2,6,2,97,0.1473812366048416,49.458296979462425,4.5644073731632195,18,27.156961178408668
55,29,7,5,69,0.6565671527861564,35.94702638310055,2.5541809853168678,12,31.310966590179262
31,27,5,1,54,0.7062931536588997,88.15549337054804,0.5703930491498601,16,22.454097559228657
22,11,2,6,87,0.4123988801050711,16.229193711429907,0.499992334446951,4,13.64589458883007
41,5,4,3,75,0.4200686600460213,85.33949019599591,0.3661679739199075,1,18.49561632772307
47,9,6,1,12,0.3832280732024633,82.06653162258696,-0.8664417818182952,7,24.446316758492237
21,31,4,6,160,0.7197247499738968,4.942949264358124,3.531445437787447,13,16.278357124254722
42,26,2,6,101,0.9094334960544073,65.53234468952256,0.3639586705454203,19,26.940775714201475
61,11,6,4,98,0.1459170261894141,5.6534289848409465,0.7812361804938646,19,36.89590991543112
50,12,4,5,84,0.9020353480150397,28.854575898894584,3.4532522835659574,6,28.336851701903967
53,27,7,5,28,0.12330147663663574,3.47951842572685,0.5438696657014268,12,30.619284100529267
38,27,7,8,166,0.2603389972601218,87.82846664202668,0.4700489090005675,4,22.138210985460706
43,16,2,8,11,0.7756546726640952,71.98124627736212,1.9089237835248922,12,21.231950118957474
40,17,6,9,185,0.10097306170110981,84.1179540877153,0.8152324691602058,12,24.899350078694347
25,14,6,4,193,0.4945090382767784,72.48686083830445,0.5762113830335187,2,15.465327866108344
17,16,4,3,66,0.8137370559949437,57.73162070477948,3.4248882070629865,13,13.55970215156457
39,5,1,2,47,0.837791071835099,12.413160462551287,3.007344250925345,16,23.61245042857808
41,30,7,5,139,0.977355501835608,34.12162548962377,0.2234570912276892,4,28.449444286545745
15,28,2,1,159,0.7570027098976975,24.871733228309857,-0.27863592067019916,2,10.108868501749342
8,10,1,9,146,0.4686135452305614,44.69832529752594,-0.44899065350924006,14,-0.5354476041512166
54,12,4,2,110,0.8388053319806182,13.925114118469727,0.7378420684532128,3,31.011614530131837
41,7,5,5,164,0.24483726757694613,77.96301068270982,3.6343229676902515,7,19.64288336536319
22,19,2,3,151,0.49522833748497763,4.76449330879125,0.6051023939989102,19,13.135814650758364
56,27,5,7,170,0.8294484021324336,57.0134732592101,2.962416221397798,18,33.04114180478043
19,2,1,8,27,0.5547216021929009,59.11320165432035,0.6016912680496027,15,13.241036015005049
54,26,1,5,135,0.11479277900591976,5.625416693826859,0.5809701545799377,3,27.2081502162826
63,9,7,8,102,0.985980886977422,78.06906974063027,3.733302475710503,17,36.25819404143121
37,20,5,5,11,0.9920513310767743,7.1816643861855045,0.7897491325091313,8,18.504254004093827
16,12,7,4,166,0.6148303808750448,80.31999422713733,1.484725721419713,11,12.34109129320017
52,30,1,4,53,0.4006007612426905,49.337135754179506,-0.8570132207184351,9,27.45855578362112
16,12,1,4,29,0.5575919572020708,25.611904818344847,1.431553633152257,8,11.09483590557029
43,8,7,8,152,0.9505075205969551,53.37396230204124,2.509287852379906,7,23.756729840222437
31,29,1,1,127,0.2501420694002041,57.39417859369647,-0.20356539453960787,2,17.88849525591225
16,18,6,6,92,0.2580221939822944,66.86927130423567,1.6897770976251847,12,11.379482429365684
35,17,1,6,93,0.9746322816267792,14.812116126524057,1.6997863313612283,19,20.144258452996816
37,29,1,7,168,0.9724563877716785,43.52034627286753,4.107230224624833,1,14.531774076052532
43,19,2,3,179,0.8310378447521782,96.47042193749105,-0.7749411144057714,14,23.92007111585151
55,1,3,5,104,0.4610138560443672,41.19588934612669,3.1644994408351996,9,29.99328159995479
11,11,6,6,159,0.8311773560849185,21.494947829769885,4.078066258299568,14,8.983135241990396
40,25,3,7,77,0.3870824147581481,6.938286885311765,3.2972824392714433,19,22.622024865351197
20,11,1,9,45,0.9360966130612265,20.078556961658048,-0.7738303782091531,8,12.574281315888701
40,16,7,7,40,0.3277225761859349,75.28804292503791,-0.8773983903645579,17,27.11435829346154
39,28,3,5,57,0.8485255959531207,48.48717221494905,0.598097897819682,2,23.422389703188482
33,22,6,3,29,0.6254436269254163,71.87730537312194,1.2320411970654126,12,20.06819350764799
21,6,7,9,168,0.9430491584085428,9.460516749941268,2.24329115368299,12,15.093117491349263
26,3,6,7,105,0.8671171582354928,36.095281633888554,3.528066946160391,14,16.19109843390607
19,2,6,6,11,0.14938332422270767,89.81702992532331,-0.6362025615620293,3,9.605562604206884
29,20,7,1,136,0.9697206301420085,77.97579389467359,1.7071958211211693,10,18.238890904869372
59,5,1,6,176,0.22146686051259137,69.678242424453,4.625782932923233,13,31.697593625282575
47,7,4,4,118,0.8853155567898426,54.73125916391863,0.7970420771462052,18,30.575116154327624
40,28,6,2,100,0.3433777259057545,94.82175328291504,4.534502080290679,10,23.982822589572024
9,13,5,9,122,0.9691378336958071,80.08224513848758,0.279355783084801,16,7.382563942347589
11,31,1,1,56,0.203309485270181,7.88029645071947,2.4214257087442603,8,7.129778468930364
8,21,3,8,15,0.47695640505968606,29.229665171125646,2.8930660486190036,15,4.616953019784269
45,22,3,6,174,0.4481756062004586,20.700459851038715,0.5347098282423361,11,21.697696843723588
24,1,5,2,77,0.9215497101894875,6.582158399357045,4.16164462127004,3,13.015717969010375
46,18,6,5,131,0.9879285903963975,72.54348722738219,-0.7415943716807105,8,30.16662217686462
51,5,4,1,23,0.34891112461932494,45.66975583128216,1.2657982020965308,18,31.13646103625921
12,30,7,7,116,0.6875482016404412,76.7373147917821,3.725818581299377,17,8.880233866204424
32,14,2,2,166,0.11199126834980021,14.349786560829147,0.7210015368755025,18,20.946912706098733
18,27,2,5,173,0.7987112441581432,62.706053869297435,3.7289613100453964,1,7.586843265128092
4,4,4,2,21,0.3666453039078206,80.03204014143148,2.2206674173318763,10,3.2621206681012325
53,30,3,1,167,0.4500916148087549,8.263522644504848,1.4018174040051816,18,29.95860496400664
11,25,3,6,150,0.4220088490480858,58.57310601268642,3.2186771852513942,17,8.454988950765284
10,1,3,5,85,0.7133481383317664,88.65665925476354,2.2825410064691978,7,4.9633867226389725
59,14,4,1,165,0.6469458239011905,37.32865250372556,0.9975609624959785,17,33.202079313564774
21,18,4,9,128,0.3689205515989543,55.76006510234741,2.547972447582297,14,17.573170863401824
49,18,5,1,56,0.6887121712541511,85.26338378073648,2.453931650681114,14,29.867821830740382
38,31,5,7,138,0.20563222265189018,32.89824590551025,-0.9428701721675863,16,24.543624034015327
54,5,5,7,176,0.792722406767848,84.68303854514659,-0.1433400259112405,12,31.8663549190234
35,1,6,2,161,0.10562055398889741,15.85013908991791,-0.4062320437718874,5,22.20255266191929
19,31,6,8,135,0.34508809564638654,60.324951374183165,3.5609398944778956,2,12.490247762027781
32,30,4,4,62,0.6360203555427397,13.633091764941268,2.1541700566642152,19,19.986740577194176
34,15,2,3,105,0.6602552199289917,76.49317499117711,2.161785707805852,19,22.36824370800367
50,28,3,4,179,0.1950806541980723,97.72383022963793,3.2501900948734317,12,27.82172437513154
62,9,4,7,31,0.24524675099168414,55.777165128199584,-0.7732339754226683,4,32.7206210401487
21,31,7,2,55,0.2218742439659555,70.47945622497419,1.3397357436477835,3,15.74146507076743
32,15,1,6,122,0.896788307665922,78.50682236330216,4.87630990626292,3,16.978642460232578
49,6,1,2,45,0.363606456556132,57.47204331914983,3.637482172100487,7,24.493503841884937
20,23,4,9,67,0.5167045378860747,59.7704662650936,1.0051094758472994,7,14.798422197334038
60,14,7,2,31,0.9676617380531498,34.59133697460263,2.9263319003899935,4,33.38427743731788
63,5,1,7,184,0.13504045790636937,79.66924242738827,2.311015981462804,10,34.547068548140906
63,15,6,9,163,0.15286600408448667,95.94263892505546,2.0930200912269914,15,34.333209785136845
42,11,7,6,39,0.20687311569857564,82.72826186834278,2.297609241840573,2,24.087844415348457
31,13,2,1,116,0.9239755317549351,7.866552069447116,-0.6034984707104694,5,15.196324335684315
19,16,3,6,171,0.9783146677067807,42.38374155288101,4.236189276151247,12,12.245656474769245
37,15,1,4,24,0.9310997534504759,59.860215639920405,4.582093993512714,14,20.33587647545911
47,28,5,3,101,0.7595018530008284,75.25721896394622,-0.48058717674478624,11,25.77277952036013
48,17,3,1,108,0.8479364296122164,48.20975846998223,-0.6215509437155604,1,25.56971532311874
6,17,7,1,69,0.5791939191787469,9.34691296687403,-0.061740665687699314,1,5.758611529651707
30,17,1,7,112,0.5444476264382677,96.94709538801278,2.8724206035567494,11,15.184765873200506
36,1,7,1,195,0.1549628527864885,88.32391878178126,-0.47439903918175697,12,24.86442588339174
38,17,2,9,79,0.8417249231219658,9.058609543348215,4.300147974862686,6,20.64074737227932
56,28,7,2,102,0.3132594733052434,64.69985581338855,-0.6744644549717205,17,34.08179889523496
35,3,4,9,53,0.15384326031527087,26.523549382387642,2.448843797071306,11,20.985263930882713
30,29,2,4,41,0.608055085842404,58.48881383701545,-0.26914793950347415,2,14.15145343324871
57,15,4,9,195,0.8069279219475355,77.83428720241633,-0.044939958282282255,3,29.72409172003245
17,6,6,2,127,0.14362146133636122,43.95913798533762,-0.6600237587031144,8,13.858184680940978
23,24,5,5,141,0.6698096322179968,17.90254742672387,3.296245453776276,6,16.336853198719428
37,7,3,2,134,0.7310539813059558,29.666007564536418,4.756243814172634,1,19.338179905711048
14,17,2,5,26,0.9657783528440452,19.541552970922105,1.2855684519602781,2,11.00960076729307
12,23,5,4,55,0.15485883225105834,56.058336508586926,4.676155273163294,14,10.368375685726942
53,2,7,3,171,0.6256089943826866,65.06746932780129,1.253800454962049,8,34.92958225357164
38,30,2,4,193,0.7151973335085658,65.69474444971938,-0.2871084793955643,9,23.332862226508876
59,2,6,1,142,0.25921012974382085,84.74366204770618,1.386475703281886,18,34.92930132810248
40,24,4,9,42,0.11585430079001474,90.61826468637403,1.4154009440355302,12,26.03781979846379
8,14,2,2,96,0.7898600226849826,19.00788944075429,0.8962840075037017,14,8.504461694181748
27,6,3,4,28,0.23803027905244875,40.61187717750977,-0.5993878751433728,7,17.739435815920416
44,3,3,2,180,0.4482831011369163,26.884245413433245,4.497004373427559,4,23.999547167039335
7,13,5,4,157,0.9528664550803064,29.538891616479816,2.278791072181483,11,8.768131918824462
9,1,4,3,57,0.7173471303532104,45.03844103140271,4.053225520701859,1,9.217957983254157
14,27,4,2,100,0.9773332101754112,58.62166095739399,0.48270020222835663,15,9.415189700229305
